STATION,STATION_NAME,DATE,DLY-TAVG-NORMAL,DLY-DUTR-NORMAL,DLY-TMAX-NORMAL,DLY-TMIN-NORMAL
GHCND:USW00003759,CHARLOTTESVILLE 2 SSE VA US,20100101,342,166,425,259
GHCND:USW00003759,CHARLOTTESVILLE 2 SSE VA US,20100102,341,165,423,258
GHCND:USW00003759,CHARLOTTESVILLE 2 SSE VA US,20100103,340,165,422,257
GHCND:USW00003759,CHARLOTTESVILLE 2 SSE VA US,20100104,339,164,421,257
GHCND:USW00003759,CHARLOTTESVILLE 2 SSE VA US,20100105,338,164,420,256
GHCND:USW00003759,CHARLOTTESVILLE 2 SSE VA US,20100106,337,163,419,256
GHCND:USW00003759,CHARLOTTESVILLE 2 SSE VA US,20100107,337,163,418,256
GHCND:USW00003759,CHARLOTTESVILLE 2 SSE VA US,20100108,337,162,418,255
GHCND:USW00003759,CHARLOTTESVILLE 2 SSE VA US,20100109,336,162,417,255
GHCND:USW00003759,CHARLOTTESVILLE 2 SSE VA US,20100110,336,162,417,255
GHCND:USW00003759,CHARLOTTESVILLE 2 SSE VA US,20100111,336,162,417,255
GHCND:USW00003759,CHARLOTTESVILLE 2 SSE VA US,20100112,336,161,417,255
GHCND:USW00003759,CHARLOTTESVILLE 2 SSE VA US,20100113,336,161,417,255
GHCND:USW00003759,CHARLOTTESVILLE 2 SSE VA US,20100114,336,162,417,256
GHCND:USW00003759,CHARLOTTESVILLE 2 SSE VA US,20100115,337,162,418,256
GHCND:USW00003759,CHARLOTTESVILLE 2 SSE VA US,20100116,337,162,418,256
GHCND:USW00003759,CHARLOTTESVILLE 2 SSE VA US,20100117,338,162,419,256
GHCND:USW00003759,CHARLOTTESVILLE 2 SSE VA US,20100118,338,163,419,257
GHCND:USW00003759,CHARLOTTESVILLE 2 SSE VA US,20100119,339,163,420,257
GHCND:USW00003759,CHARLOTTESVILLE 2 SSE VA US,20100120,339,164,421,258
GHCND:USW00003759,CHARLOTTESVILLE 2 SSE VA US,20100121,340,164,422,258
GHCND:USW00003759,CHARLOTTESVILLE 2 SSE VA US,20100122,341,165,424,259
GHCND:USW00003759,CHARLOTTESVILLE 2 SSE VA US,20100123,342,166,425,259
GHCND:USW00003759,CHARLOTTESVILLE 2 SSE VA US,20100124,343,167,426,260
GHCND:USW00003759,CHARLOTTESVILLE 2 SSE VA US,20100125,344,168,428,260
GHCND:USW00003759,CHARLOTTESVILLE 2 SSE VA US,20100126,345,168,429,261
GHCND:USW00003759,CHARLOTTESVILLE 2 SSE VA US,20100127,346,169,431,262
GHCND:USW00003759,CHARLOTTESVILLE 2 SSE VA US,20100128,348,171,433,262
GHCND:USW00003759,CHARLOTTESVILLE 2 SSE VA US,20100129,349,172,435,263
GHCND:USW00003759,CHARLOTTESVILLE 2 SSE VA US,20100130,350,173,436,264
GHCND:USW00003759,CHARLOTTESVILLE 2 SSE VA US,20100131,351,174,438,264
GHCND:USW00003759,CHARLOTTESVILLE 2 SSE VA US,20100201,353,175,440,265
GHCND:USW00003759,CHARLOTTESVILLE 2 SSE VA US,20100202,354,176,442,266
GHCND:USW00003759,CHARLOTTESVILLE 2 SSE VA US,20100203,355,178,444,267
GHCND:USW00003759,CHARLOTTESVILLE 2 SSE VA US,20100204,357,179,446,268
GHCND:USW00003759,CHARLOTTESVILLE 2 SSE VA US,20100205,358,180,448,268
GHCND:USW00003759,CHARLOTTESVILLE 2 SSE VA US,20100206,360,181,451,269
GHCND:USW00003759,CHARLOTTESVILLE 2 SSE VA US,20100207,361,183,453,270
GHCND:USW00003759,CHARLOTTESVILLE 2 SSE VA US,20100208,363,184,455,271
GHCND:USW00003759,CHARLOTTESVILLE 2 SSE VA US,20100209,365,185,457,272
GHCND:USW00003759,CHARLOTTESVILLE 2 SSE VA US,20100210,366,186,459,273
GHCND:USW00003759,CHARLOTTESVILLE 2 SSE VA US,20100211,368,187,461,274
GHCND:USW00003759,CHARLOTTESVILLE 2 SSE VA US,20100212,369,188,464,275
GHCND:USW00003759,CHARLOTTESVILLE 2 SSE VA US,20100213,371,190,466,276
GHCND:USW00003759,CHARLOTTESVILLE 2 SSE VA US,20100214,373,191,468,278
GHCND:USW00003759,CHARLOTTESVILLE 2 SSE VA US,20100215,375,192,471,279
GHCND:USW00003759,CHARLOTTESVILLE 2 SSE VA US,20100216,376,193,473,280
GHCND:USW00003759,CHARLOTTESVILLE 2 SSE VA US,20100217,378,194,475,282
GHCND:USW00003759,CHARLOTTESVILLE 2 SSE VA US,20100218,380,195,478,283
GHCND:USW00003759,CHARLOTTESVILLE 2 SSE VA US,20100219,382,195,480,284
GHCND:USW00003759,CHARLOTTESVILLE 2 SSE VA US,20100220,384,196,482,286
GHCND:USW00003759,CHARLOTTESVILLE 2 SSE VA US,20100221,386,197,485,288
GHCND:USW00003759,CHARLOTTESVILLE 2 SSE VA US,20100222,388,198,487,289
GHCND:USW00003759,CHARLOTTESVILLE 2 SSE VA US,20100223,390,198,490,291
GHCND:USW00003759,CHARLOTTESVILLE 2 SSE VA US,20100224,393,199,492,293
GHCND:USW00003759,CHARLOTTESVILLE 2 SSE VA US,20100225,395,199,494,295
GHCND:USW00003759,CHARLOTTESVILLE 2 SSE VA US,20100226,397,200,497,297
GHCND:USW00003759,CHARLOTTESVILLE 2 SSE VA US,20100227,399,200,500,299
GHCND:USW00003759,CHARLOTTESVILLE 2 SSE VA US,20100228,402,201,502,301
GHCND:USW00003759,CHARLOTTESVILLE 2 SSE VA US,20100301,404,201,505,304
GHCND:USW00003759,CHARLOTTESVILLE 2 SSE VA US,20100302,407,201,507,306
GHCND:USW00003759,CHARLOTTESVILLE 2 SSE VA US,20100303,409,202,510,309
GHCND:USW00003759,CHARLOTTESVILLE 2 SSE VA US,20100304,412,202,513,311
GHCND:USW00003759,CHARLOTTESVILLE 2 SSE VA US,20100305,415,202,516,314
GHCND:USW00003759,CHARLOTTESVILLE 2 SSE VA US,20100306,418,202,519,317
GHCND:USW00003759,CHARLOTTESVILLE 2 SSE VA US,20100307,420,202,521,319
GHCND:USW00003759,CHARLOTTESVILLE 2 SSE VA US,20100308,423,202,524,322
GHCND:USW00003759,CHARLOTTESVILLE 2 SSE VA US,20100309,426,202,527,325
GHCND:USW00003759,CHARLOTTESVILLE 2 SSE VA US,20100310,429,202,530,329
GHCND:USW00003759,CHARLOTTESVILLE 2 SSE VA US,20100311,433,202,534,332
GHCND:USW00003759,CHARLOTTESVILLE 2 SSE VA US,20100312,436,202,537,335
GHCND:USW00003759,CHARLOTTESVILLE 2 SSE VA US,20100313,439,202,540,338
GHCND:USW00003759,CHARLOTTESVILLE 2 SSE VA US,20100314,442,201,543,342
GHCND:USW00003759,CHARLOTTESVILLE 2 SSE VA US,20100315,446,201,546,345
GHCND:USW00003759,CHARLOTTESVILLE 2 SSE VA US,20100316,449,201,550,349
GHCND:USW00003759,CHARLOTTESVILLE 2 SSE VA US,20100317,453,201,553,352
GHCND:USW00003759,CHARLOTTESVILLE 2 SSE VA US,20100318,456,200,556,356
GHCND:USW00003759,CHARLOTTESVILLE 2 SSE VA US,20100319,460,200,560,360
GHCND:USW00003759,CHARLOTTESVILLE 2 SSE VA US,20100320,463,200,563,363
GHCND:USW00003759,CHARLOTTESVILLE 2 SSE VA US,20100321,467,199,567,367
GHCND:USW00003759,CHARLOTTESVILLE 2 SSE VA US,20100322,471,199,570,371
GHCND:USW00003759,CHARLOTTESVILLE 2 SSE VA US,20100323,474,199,574,375
GHCND:USW00003759,CHARLOTTESVILLE 2 SSE VA US,20100324,478,198,577,379
GHCND:USW00003759,CHARLOTTESVILLE 2 SSE VA US,20100325,482,198,581,383
GHCND:USW00003759,CHARLOTTESVILLE 2 SSE VA US,20100326,485,198,584,387
GHCND:USW00003759,CHARLOTTESVILLE 2 SSE VA US,20100327,489,197,588,390
GHCND:USW00003759,CHARLOTTESVILLE 2 SSE VA US,20100328,493,197,591,394
GHCND:USW00003759,CHARLOTTESVILLE 2 SSE VA US,20100329,497,197,595,398
GHCND:USW00003759,CHARLOTTESVILLE 2 SSE VA US,20100330,500,196,598,402
GHCND:USW00003759,CHARLOTTESVILLE 2 SSE VA US,20100331,504,196,602,406
GHCND:USW00003759,CHARLOTTESVILLE 2 SSE VA US,20100401,508,196,605,410
GHCND:USW00003759,CHARLOTTESVILLE 2 SSE VA US,20100402,511,195,609,414
GHCND:USW00003759,CHARLOTTESVILLE 2 SSE VA US,20100403,515,195,612,417
GHCND:USW00003759,CHARLOTTESVILLE 2 SSE VA US,20100404,519,195,616,421
GHCND:USW00003759,CHARLOTTESVILLE 2 SSE VA US,20100405,522,194,619,425
GHCND:USW00003759,CHARLOTTESVILLE 2 SSE VA US,20100406,526,194,623,429
GHCND:USW00003759,CHARLOTTESVILLE 2 SSE VA US,20100407,529,194,626,432
GHCND:USW00003759,CHARLOTTESVILLE 2 SSE VA US,20100408,533,193,629,436
GHCND:USW00003759,CHARLOTTESVILLE 2 SSE VA US,20100409,536,193,632,439
GHCND:USW00003759,CHARLOTTESVILLE 2 SSE VA US,20100410,539,193,636,443
GHCND:USW00003759,CHARLOTTESVILLE 2 SSE VA US,20100411,543,193,639,446
GHCND:USW00003759,CHARLOTTESVILLE 2 SSE VA US,20100412,546,192,642,450
GHCND:USW00003759,CHARLOTTESVILLE 2 SSE VA US,20100413,549,192,645,453
GHCND:USW00003759,CHARLOTTESVILLE 2 SSE VA US,20100414,552,192,648,456
GHCND:USW00003759,CHARLOTTESVILLE 2 SSE VA US,20100415,555,192,651,459
GHCND:USW00003759,CHARLOTTESVILLE 2 SSE VA US,20100416,558,191,654,463
GHCND:USW00003759,CHARLOTTESVILLE 2 SSE VA US,20100417,561,191,657,466
GHCND:USW00003759,CHARLOTTESVILLE 2 SSE VA US,20100418,564,191,660,469
GHCND:USW00003759,CHARLOTTESVILLE 2 SSE VA US,20100419,567,191,663,472
GHCND:USW00003759,CHARLOTTESVILLE 2 SSE VA US,20100420,570,191,665,475
GHCND:USW00003759,CHARLOTTESVILLE 2 SSE VA US,20100421,573,191,668,477
GHCND:USW00003759,CHARLOTTESVILLE 2 SSE VA US,20100422,575,191,671,480
GHCND:USW00003759,CHARLOTTESVILLE 2 SSE VA US,20100423,578,191,673,483
GHCND:USW00003759,CHARLOTTESVILLE 2 SSE VA US,20100424,581,190,676,486
GHCND:USW00003759,CHARLOTTESVILLE 2 SSE VA US,20100425,583,190,679,488
GHCND:USW00003759,CHARLOTTESVILLE 2 SSE VA US,20100426,586,190,681,491
GHCND:USW00003759,CHARLOTTESVILLE 2 SSE VA US,20100427,589,190,684,494
GHCND:USW00003759,CHARLOTTESVILLE 2 SSE VA US,20100428,591,190,686,496
GHCND:USW00003759,CHARLOTTESVILLE 2 SSE VA US,20100429,594,190,689,499
GHCND:USW00003759,CHARLOTTESVILLE 2 SSE VA US,20100430,596,190,691,501
GHCND:USW00003759,CHARLOTTESVILLE 2 SSE VA US,20100501,599,190,694,504
GHCND:USW00003759,CHARLOTTESVILLE 2 SSE VA US,20100502,601,190,696,506
GHCND:USW00003759,CHARLOTTESVILLE 2 SSE VA US,20100503,604,190,699,509
GHCND:USW00003759,CHARLOTTESVILLE 2 SSE VA US,20100504,606,190,701,511
GHCND:USW00003759,CHARLOTTESVILLE 2 SSE VA US,20100505,609,190,703,514
GHCND:USW00003759,CHARLOTTESVILLE 2 SSE VA US,20100506,611,189,706,516
GHCND:USW00003759,CHARLOTTESVILLE 2 SSE VA US,20100507,613,189,708,519
GHCND:USW00003759,CHARLOTTESVILLE 2 SSE VA US,20100508,616,189,711,521
GHCND:USW00003759,CHARLOTTESVILLE 2 SSE VA US,20100509,618,189,713,524
GHCND:USW00003759,CHARLOTTESVILLE 2 SSE VA US,20100510,621,189,715,526
GHCND:USW00003759,CHARLOTTESVILLE 2 SSE VA US,20100511,623,189,718,529
GHCND:USW00003759,CHARLOTTESVILLE 2 SSE VA US,20100512,626,188,720,532
GHCND:USW00003759,CHARLOTTESVILLE 2 SSE VA US,20100513,628,188,723,534
GHCND:USW00003759,CHARLOTTESVILLE 2 SSE VA US,20100514,631,188,725,537
GHCND:USW00003759,CHARLOTTESVILLE 2 SSE VA US,20100515,634,188,727,540
GHCND:USW00003759,CHARLOTTESVILLE 2 SSE VA US,20100516,636,187,730,543
GHCND:USW00003759,CHARLOTTESVILLE 2 SSE VA US,20100517,639,187,732,545
GHCND:USW00003759,CHARLOTTESVILLE 2 SSE VA US,20100518,642,187,735,548
GHCND:USW00003759,CHARLOTTESVILLE 2 SSE VA US,20100519,644,186,737,551
GHCND:USW00003759,CHARLOTTESVILLE 2 SSE VA US,20100520,647,186,740,554
GHCND:USW00003759,CHARLOTTESVILLE 2 SSE VA US,20100521,650,185,742,557
GHCND:USW00003759,CHARLOTTESVILLE 2 SSE VA US,20100522,652,185,745,560
GHCND:USW00003759,CHARLOTTESVILLE 2 SSE VA US,20100523,655,184,747,563
GHCND:USW00003759,CHARLOTTESVILLE 2 SSE VA US,20100524,658,183,750,566
GHCND:USW00003759,CHARLOTTESVILLE 2 SSE VA US,20100525,661,183,752,569
GHCND:USW00003759,CHARLOTTESVILLE 2 SSE VA US,20100526,664,182,754,573
GHCND:USW00003759,CHARLOTTESVILLE 2 SSE VA US,20100527,666,181,757,576
GHCND:USW00003759,CHARLOTTESVILLE 2 SSE VA US,20100528,669,180,759,579
GHCND:USW00003759,CHARLOTTESVILLE 2 SSE VA US,20100529,672,180,762,582
GHCND:USW00003759,CHARLOTTESVILLE 2 SSE VA US,20100530,675,179,764,585
GHCND:USW00003759,CHARLOTTESVILLE 2 SSE VA US,20100531,678,178,767,589
GHCND:USW00003759,CHARLOTTESVILLE 2 SSE VA US,20100601,681,177,769,592
GHCND:USW00003759,CHARLOTTESVILLE 2 SSE VA US,20100602,683,176,771,595
GHCND:USW00003759,CHARLOTTESVILLE 2 SSE VA US,20100603,686,175,774,599
GHCND:USW00003759,CHARLOTTESVILLE 2 SSE VA US,20100604,689,174,776,602
GHCND:USW00003759,CHARLOTTESVILLE 2 SSE VA US,20100605,692,173,778,605
GHCND:USW00003759,CHARLOTTESVILLE 2 SSE VA US,20100606,694,172,781,608
GHCND:USW00003759,CHARLOTTESVILLE 2 SSE VA US,20100607,697,171,783,612
GHCND:USW00003759,CHARLOTTESVILLE 2 SSE VA US,20100608,700,170,785,615
GHCND:USW00003759,CHARLOTTESVILLE 2 SSE VA US,20100609,703,169,787,618
GHCND:USW00003759,CHARLOTTESVILLE 2 SSE VA US,20100610,705,168,789,621
GHCND:USW00003759,CHARLOTTESVILLE 2 SSE VA US,20100611,708,167,791,624
GHCND:USW00003759,CHARLOTTESVILLE 2 SSE VA US,20100612,710,166,793,627
GHCND:USW00003759,CHARLOTTESVILLE 2 SSE VA US,20100613,713,165,795,630
GHCND:USW00003759,CHARLOTTESVILLE 2 SSE VA US,20100614,715,164,797,633
GHCND:USW00003759,CHARLOTTESVILLE 2 SSE VA US,20100615,718,163,799,636
GHCND:USW00003759,CHARLOTTESVILLE 2 SSE VA US,20100616,720,162,801,639
GHCND:USW00003759,CHARLOTTESVILLE 2 SSE VA US,20100617,722,161,803,642
GHCND:USW00003759,CHARLOTTESVILLE 2 SSE VA US,20100618,725,161,805,644
GHCND:USW00003759,CHARLOTTESVILLE 2 SSE VA US,20100619,727,160,807,647
GHCND:USW00003759,CHARLOTTESVILLE 2 SSE VA US,20100620,729,159,809,649
GHCND:USW00003759,CHARLOTTESVILLE 2 SSE VA US,20100621,731,159,810,652
GHCND:USW00003759,CHARLOTTESVILLE 2 SSE VA US,20100622,733,158,812,654
GHCND:USW00003759,CHARLOTTESVILLE 2 SSE VA US,20100623,735,157,814,656
GHCND:USW00003759,CHARLOTTESVILLE 2 SSE VA US,20100624,737,157,815,658
GHCND:USW00003759,CHARLOTTESVILLE 2 SSE VA US,20100625,739,157,817,660
GHCND:USW00003759,CHARLOTTESVILLE 2 SSE VA US,20100626,740,156,819,662
GHCND:USW00003759,CHARLOTTESVILLE 2 SSE VA US,20100627,742,156,820,664
GHCND:USW00003759,CHARLOTTESVILLE 2 SSE VA US,20100628,744,156,822,666
GHCND:USW00003759,CHARLOTTESVILLE 2 SSE VA US,20100629,745,156,823,667
GHCND:USW00003759,CHARLOTTESVILLE 2 SSE VA US,20100630,747,156,824,669
GHCND:USW00003759,CHARLOTTESVILLE 2 SSE VA US,20100701,748,156,826,670
GHCND:USW00003759,CHARLOTTESVILLE 2 SSE VA US,20100702,749,156,827,671
GHCND:USW00003759,CHARLOTTESVILLE 2 SSE VA US,20100703,751,156,829,672
GHCND:USW00003759,CHARLOTTESVILLE 2 SSE VA US,20100704,752,156,830,674
GHCND:USW00003759,CHARLOTTESVILLE 2 SSE VA US,20100705,753,157,831,674
GHCND:USW00003759,CHARLOTTESVILLE 2 SSE VA US,20100706,754,157,832,675
GHCND:USW00003759,CHARLOTTESVILLE 2 SSE VA US,20100707,755,158,834,676
GHCND:USW00003759,CHARLOTTESVILLE 2 SSE VA US,20100708,756,158,835,677
GHCND:USW00003759,CHARLOTTESVILLE 2 SSE VA US,20100709,757,159,836,677
GHCND:USW00003759,CHARLOTTESVILLE 2 SSE VA US,20100710,758,159,837,678
GHCND:USW00003759,CHARLOTTESVILLE 2 SSE VA US,20100711,758,160,838,678
GHCND:USW00003759,CHARLOTTESVILLE 2 SSE VA US,20100712,759,161,839,679
GHCND:USW00003759,CHARLOTTESVILLE 2 SSE VA US,20100713,760,161,840,679
GHCND:USW00003759,CHARLOTTESVILLE 2 SSE VA US,20100714,760,162,841,679
GHCND:USW00003759,CHARLOTTESVILLE 2 SSE VA US,20100715,761,163,842,679
GHCND:USW00003759,CHARLOTTESVILLE 2 SSE VA US,20100716,761,164,843,679
GHCND:USW00003759,CHARLOTTESVILLE 2 SSE VA US,20100717,762,164,844,679
GHCND:USW00003759,CHARLOTTESVILLE 2 SSE VA US,20100718,762,165,845,679
GHCND:USW00003759,CHARLOTTESVILLE 2 SSE VA US,20100719,762,166,845,679
GHCND:USW00003759,CHARLOTTESVILLE 2 SSE VA US,20100720,763,167,846,679
GHCND:USW00003759,CHARLOTTESVILLE 2 SSE VA US,20100721,763,168,847,679
GHCND:USW00003759,CHARLOTTESVILLE 2 SSE VA US,20100722,763,168,847,679
GHCND:USW00003759,CHARLOTTESVILLE 2 SSE VA US,20100723,763,169,848,678
GHCND:USW00003759,CHARLOTTESVILLE 2 SSE VA US,20100724,763,170,848,678
GHCND:USW00003759,CHARLOTTESVILLE 2 SSE VA US,20100725,763,170,848,678
GHCND:USW00003759,CHARLOTTESVILLE 2 SSE VA US,20100726,763,171,849,677
GHCND:USW00003759,CHARLOTTESVILLE 2 SSE VA US,20100727,763,172,849,677
GHCND:USW00003759,CHARLOTTESVILLE 2 SSE VA US,20100728,763,172,849,677
GHCND:USW00003759,CHARLOTTESVILLE 2 SSE VA US,20100729,763,173,849,676
GHCND:USW00003759,CHARLOTTESVILLE 2 SSE VA US,20100730,762,173,849,676
GHCND:USW00003759,CHARLOTTESVILLE 2 SSE VA US,20100731,762,173,849,675
GHCND:USW00003759,CHARLOTTESVILLE 2 SSE VA US,20100801,762,174,848,675
GHCND:USW00003759,CHARLOTTESVILLE 2 SSE VA US,20100802,761,174,848,674
GHCND:USW00003759,CHARLOTTESVILLE 2 SSE VA US,20100803,761,174,848,674
GHCND:USW00003759,CHARLOTTESVILLE 2 SSE VA US,20100804,760,174,847,673
GHCND:USW00003759,CHARLOTTESVILLE 2 SSE VA US,20100805,760,174,847,673
GHCND:USW00003759,CHARLOTTESVILLE 2 SSE VA US,20100806,759,174,846,672
GHCND:USW00003759,CHARLOTTESVILLE 2 SSE VA US,20100807,758,174,845,671
GHCND:USW00003759,CHARLOTTESVILLE 2 SSE VA US,20100808,758,174,844,671
GHCND:USW00003759,CHARLOTTESVILLE 2 SSE VA US,20100809,757,173,843,670
GHCND:USW00003759,CHARLOTTESVILLE 2 SSE VA US,20100810,756,173,842,669
GHCND:USW00003759,CHARLOTTESVILLE 2 SSE VA US,20100811,755,173,841,669
GHCND:USW00003759,CHARLOTTESVILLE 2 SSE VA US,20100812,754,172,840,668
GHCND:USW00003759,CHARLOTTESVILLE 2 SSE VA US,20100813,753,172,839,667
GHCND:USW00003759,CHARLOTTESVILLE 2 SSE VA US,20100814,752,171,837,666
GHCND:USW00003759,CHARLOTTESVILLE 2 SSE VA US,20100815,750,171,836,665
GHCND:USW00003759,CHARLOTTESVILLE 2 SSE VA US,20100816,749,170,834,664
GHCND:USW00003759,CHARLOTTESVILLE 2 SSE VA US,20100817,748,169,832,663
GHCND:USW00003759,CHARLOTTESVILLE 2 SSE VA US,20100818,746,169,831,662
GHCND:USW00003759,CHARLOTTESVILLE 2 SSE VA US,20100819,745,168,829,661
GHCND:USW00003759,CHARLOTTESVILLE 2 SSE VA US,20100820,743,167,827,660
GHCND:USW00003759,CHARLOTTESVILLE 2 SSE VA US,20100821,742,167,825,658
GHCND:USW00003759,CHARLOTTESVILLE 2 SSE VA US,20100822,740,166,823,657
GHCND:USW00003759,CHARLOTTESVILLE 2 SSE VA US,20100823,738,165,821,656
GHCND:USW00003759,CHARLOTTESVILLE 2 SSE VA US,20100824,736,165,819,654
GHCND:USW00003759,CHARLOTTESVILLE 2 SSE VA US,20100825,735,164,817,653
GHCND:USW00003759,CHARLOTTESVILLE 2 SSE VA US,20100826,733,163,814,651
GHCND:USW00003759,CHARLOTTESVILLE 2 SSE VA US,20100827,731,163,812,649
GHCND:USW00003759,CHARLOTTESVILLE 2 SSE VA US,20100828,729,162,810,647
GHCND:USW00003759,CHARLOTTESVILLE 2 SSE VA US,20100829,726,162,807,646
GHCND:USW00003759,CHARLOTTESVILLE 2 SSE VA US,20100830,724,161,805,644
GHCND:USW00003759,CHARLOTTESVILLE 2 SSE VA US,20100831,722,161,802,641
GHCND:USW00003759,CHARLOTTESVILLE 2 SSE VA US,20100901,720,160,800,639
GHCND:USW00003759,CHARLOTTESVILLE 2 SSE VA US,20100902,717,160,797,637
GHCND:USW00003759,CHARLOTTESVILLE 2 SSE VA US,20100903,715,160,795,635
GHCND:USW00003759,CHARLOTTESVILLE 2 SSE VA US,20100904,712,160,792,632
GHCND:USW00003759,CHARLOTTESVILLE 2 SSE VA US,20100905,710,160,789,630
GHCND:USW00003759,CHARLOTTESVILLE 2 SSE VA US,20100906,707,159,787,627
GHCND:USW00003759,CHARLOTTESVILLE 2 SSE VA US,20100907,704,159,784,625
GHCND:USW00003759,CHARLOTTESVILLE 2 SSE VA US,20100908,702,159,781,622
GHCND:USW00003759,CHARLOTTESVILLE 2 SSE VA US,20100909,699,160,779,619
GHCND:USW00003759,CHARLOTTESVILLE 2 SSE VA US,20100910,696,160,776,616
GHCND:USW00003759,CHARLOTTESVILLE 2 SSE VA US,20100911,693,160,773,613
GHCND:USW00003759,CHARLOTTESVILLE 2 SSE VA US,20100912,690,160,770,610
GHCND:USW00003759,CHARLOTTESVILLE 2 SSE VA US,20100913,687,161,768,607
GHCND:USW00003759,CHARLOTTESVILLE 2 SSE VA US,20100914,684,161,765,604
GHCND:USW00003759,CHARLOTTESVILLE 2 SSE VA US,20100915,681,161,762,601
GHCND:USW00003759,CHARLOTTESVILLE 2 SSE VA US,20100916,678,162,759,597
GHCND:USW00003759,CHARLOTTESVILLE 2 SSE VA US,20100917,675,162,756,594
GHCND:USW00003759,CHARLOTTESVILLE 2 SSE VA US,20100918,672,163,753,591
GHCND:USW00003759,CHARLOTTESVILLE 2 SSE VA US,20100919,669,163,751,587
GHCND:USW00003759,CHARLOTTESVILLE 2 SSE VA US,20100920,666,164,748,584
GHCND:USW00003759,CHARLOTTESVILLE 2 SSE VA US,20100921,662,165,745,580
GHCND:USW00003759,CHARLOTTESVILLE 2 SSE VA US,20100922,659,165,742,577
GHCND:USW00003759,CHARLOTTESVILLE 2 SSE VA US,20100923,656,166,739,573
GHCND:USW00003759,CHARLOTTESVILLE 2 SSE VA US,20100924,653,167,736,569
GHCND:USW00003759,CHARLOTTESVILLE 2 SSE VA US,20100925,649,167,733,566
GHCND:USW00003759,CHARLOTTESVILLE 2 SSE VA US,20100926,646,168,730,562
GHCND:USW00003759,CHARLOTTESVILLE 2 SSE VA US,20100927,643,168,727,559
GHCND:USW00003759,CHARLOTTESVILLE 2 SSE VA US,20100928,639,169,724,555
GHCND:USW00003759,CHARLOTTESVILLE 2 SSE VA US,20100929,636,170,721,551
GHCND:USW00003759,CHARLOTTESVILLE 2 SSE VA US,20100930,633,170,718,548
GHCND:USW00003759,CHARLOTTESVILLE 2 SSE VA US,20101001,629,171,715,544
GHCND:USW00003759,CHARLOTTESVILLE 2 SSE VA US,20101002,626,171,711,540
GHCND:USW00003759,CHARLOTTESVILLE 2 SSE VA US,20101003,623,171,708,537
GHCND:USW00003759,CHARLOTTESVILLE 2 SSE VA US,20101004,619,172,705,533
GHCND:USW00003759,CHARLOTTESVILLE 2 SSE VA US,20101005,616,172,702,530
GHCND:USW00003759,CHARLOTTESVILLE 2 SSE VA US,20101006,612,172,698,526
GHCND:USW00003759,CHARLOTTESVILLE 2 SSE VA US,20101007,609,173,695,523
GHCND:USW00003759,CHARLOTTESVILLE 2 SSE VA US,20101008,605,173,692,519
GHCND:USW00003759,CHARLOTTESVILLE 2 SSE VA US,20101009,602,173,688,516
GHCND:USW00003759,CHARLOTTESVILLE 2 SSE VA US,20101010,599,173,685,512
GHCND:USW00003759,CHARLOTTESVILLE 2 SSE VA US,20101011,595,173,682,509
GHCND:USW00003759,CHARLOTTESVILLE 2 SSE VA US,20101012,592,173,678,505
GHCND:USW00003759,CHARLOTTESVILLE 2 SSE VA US,20101013,588,173,675,502
GHCND:USW00003759,CHARLOTTESVILLE 2 SSE VA US,20101014,585,173,671,499
GHCND:USW00003759,CHARLOTTESVILLE 2 SSE VA US,20101015,582,172,668,495
GHCND:USW00003759,CHARLOTTESVILLE 2 SSE VA US,20101016,578,172,664,492
GHCND:USW00003759,CHARLOTTESVILLE 2 SSE VA US,20101017,575,172,661,489
GHCND:USW00003759,CHARLOTTESVILLE 2 SSE VA US,20101018,572,172,657,486
GHCND:USW00003759,CHARLOTTESVILLE 2 SSE VA US,20101019,568,171,654,482
GHCND:USW00003759,CHARLOTTESVILLE 2 SSE VA US,20101020,565,171,650,479
GHCND:USW00003759,CHARLOTTESVILLE 2 SSE VA US,20101021,562,171,647,476
GHCND:USW00003759,CHARLOTTESVILLE 2 SSE VA US,20101022,558,170,643,473
GHCND:USW00003759,CHARLOTTESVILLE 2 SSE VA US,20101023,555,170,640,470
GHCND:USW00003759,CHARLOTTESVILLE 2 SSE VA US,20101024,551,170,636,467
GHCND:USW00003759,CHARLOTTESVILLE 2 SSE VA US,20101025,548,169,633,464
GHCND:USW00003759,CHARLOTTESVILLE 2 SSE VA US,20101026,545,169,629,460
GHCND:USW00003759,CHARLOTTESVILLE 2 SSE VA US,20101027,542,169,626,457
GHCND:USW00003759,CHARLOTTESVILLE 2 SSE VA US,20101028,538,168,622,454
GHCND:USW00003759,CHARLOTTESVILLE 2 SSE VA US,20101029,535,168,619,451
GHCND:USW00003759,CHARLOTTESVILLE 2 SSE VA US,20101030,532,168,615,448
GHCND:USW00003759,CHARLOTTESVILLE 2 SSE VA US,20101031,528,167,612,445
GHCND:USW00003759,CHARLOTTESVILLE 2 SSE VA US,20101101,525,167,609,441
GHCND:USW00003759,CHARLOTTESVILLE 2 SSE VA US,20101102,522,167,605,438
GHCND:USW00003759,CHARLOTTESVILLE 2 SSE VA US,20101103,518,167,602,435
GHCND:USW00003759,CHARLOTTESVILLE 2 SSE VA US,20101104,515,167,598,432
GHCND:USW00003759,CHARLOTTESVILLE 2 SSE VA US,20101105,512,167,595,428
GHCND:USW00003759,CHARLOTTESVILLE 2 SSE VA US,20101106,508,167,592,425
GHCND:USW00003759,CHARLOTTESVILLE 2 SSE VA US,20101107,505,167,588,422
GHCND:USW00003759,CHARLOTTESVILLE 2 SSE VA US,20101108,502,167,585,418
GHCND:USW00003759,CHARLOTTESVILLE 2 SSE VA US,20101109,498,167,582,415
GHCND:USW00003759,CHARLOTTESVILLE 2 SSE VA US,20101110,495,167,578,411
GHCND:USW00003759,CHARLOTTESVILLE 2 SSE VA US,20101111,492,167,575,408
GHCND:USW00003759,CHARLOTTESVILLE 2 SSE VA US,20101112,488,168,572,404
GHCND:USW00003759,CHARLOTTESVILLE 2 SSE VA US,20101113,485,168,569,401
GHCND:USW00003759,CHARLOTTESVILLE 2 SSE VA US,20101114,481,168,566,397
GHCND:USW00003759,CHARLOTTESVILLE 2 SSE VA US,20101115,478,169,562,394
GHCND:USW00003759,CHARLOTTESVILLE 2 SSE VA US,20101116,475,169,559,390
GHCND:USW00003759,CHARLOTTESVILLE 2 SSE VA US,20101117,471,170,556,386
GHCND:USW00003759,CHARLOTTESVILLE 2 SSE VA US,20101118,468,170,553,383
GHCND:USW00003759,CHARLOTTESVILLE 2 SSE VA US,20101119,464,171,550,379
GHCND:USW00003759,CHARLOTTESVILLE 2 SSE VA US,20101120,461,171,546,375
GHCND:USW00003759,CHARLOTTESVILLE 2 SSE VA US,20101121,457,172,543,372
GHCND:USW00003759,CHARLOTTESVILLE 2 SSE VA US,20101122,454,172,540,368
GHCND:USW00003759,CHARLOTTESVILLE 2 SSE VA US,20101123,450,173,537,364
GHCND:USW00003759,CHARLOTTESVILLE 2 SSE VA US,20101124,447,173,534,360
GHCND:USW00003759,CHARLOTTESVILLE 2 SSE VA US,20101125,444,174,530,357
GHCND:USW00003759,CHARLOTTESVILLE 2 SSE VA US,20101126,440,175,527,353
GHCND:USW00003759,CHARLOTTESVILLE 2 SSE VA US,20101127,437,175,524,349
GHCND:USW00003759,CHARLOTTESVILLE 2 SSE VA US,20101128,433,176,521,345
GHCND:USW00003759,CHARLOTTESVILLE 2 SSE VA US,20101129,430,176,518,342
GHCND:USW00003759,CHARLOTTESVILLE 2 SSE VA US,20101130,426,177,514,338
GHCND:USW00003759,CHARLOTTESVILLE 2 SSE VA US,20101201,423,177,511,334
GHCND:USW00003759,CHARLOTTESVILLE 2 SSE VA US,20101202,419,177,508,330
GHCND:USW00003759,CHARLOTTESVILLE 2 SSE VA US,20101203,416,178,505,327
GHCND:USW00003759,CHARLOTTESVILLE 2 SSE VA US,20101204,412,178,501,323
GHCND:USW00003759,CHARLOTTESVILLE 2 SSE VA US,20101205,409,178,498,320
GHCND:USW00003759,CHARLOTTESVILLE 2 SSE VA US,20101206,406,178,495,316
GHCND:USW00003759,CHARLOTTESVILLE 2 SSE VA US,20101207,402,179,492,313
GHCND:USW00003759,CHARLOTTESVILLE 2 SSE VA US,20101208,399,179,488,310
GHCND:USW00003759,CHARLOTTESVILLE 2 SSE VA US,20101209,396,179,485,306
GHCND:USW00003759,CHARLOTTESVILLE 2 SSE VA US,20101210,393,179,482,303
GHCND:USW00003759,CHARLOTTESVILLE 2 SSE VA US,20101211,389,178,479,300
GHCND:USW00003759,CHARLOTTESVILLE 2 SSE VA US,20101212,386,178,475,297
GHCND:USW00003759,CHARLOTTESVILLE 2 SSE VA US,20101213,383,178,472,294
GHCND:USW00003759,CHARLOTTESVILLE 2 SSE VA US,20101214,380,178,469,291
GHCND:USW00003759,CHARLOTTESVILLE 2 SSE VA US,20101215,377,177,466,289
GHCND:USW00003759,CHARLOTTESVILLE 2 SSE VA US,20101216,374,177,463,286
GHCND:USW00003759,CHARLOTTESVILLE 2 SSE VA US,20101217,372,176,460,283
GHCND:USW00003759,CHARLOTTESVILLE 2 SSE VA US,20101218,369,176,457,281
GHCND:USW00003759,CHARLOTTESVILLE 2 SSE VA US,20101219,366,175,454,279
GHCND:USW00003759,CHARLOTTESVILLE 2 SSE VA US,20101220,364,175,451,277
GHCND:USW00003759,CHARLOTTESVILLE 2 SSE VA US,20101221,362,174,449,274
GHCND:USW00003759,CHARLOTTESVILLE 2 SSE VA US,20101222,359,173,446,272
GHCND:USW00003759,CHARLOTTESVILLE 2 SSE VA US,20101223,357,173,443,271
GHCND:USW00003759,CHARLOTTESVILLE 2 SSE VA US,20101224,355,172,441,269
GHCND:USW00003759,CHARLOTTESVILLE 2 SSE VA US,20101225,353,171,438,267
GHCND:USW00003759,CHARLOTTESVILLE 2 SSE VA US,20101226,351,170,436,266
GHCND:USW00003759,CHARLOTTESVILLE 2 SSE VA US,20101227,349,170,434,264
GHCND:USW00003759,CHARLOTTESVILLE 2 SSE VA US,20101228,347,169,432,263
GHCND:USW00003759,CHARLOTTESVILLE 2 SSE VA US,20101229,346,168,430,262
GHCND:USW00003759,CHARLOTTESVILLE 2 SSE VA US,20101230,344,167,428,261
GHCND:USW00003759,CHARLOTTESVILLE 2 SSE VA US,20101231,343,167,426,260
