STATION,STATION_NAME,DATE,*,*,*,*,*,*,*,*,*,*,*,*,*,*,*,*,*,*,*,*,*,*,*,*,*,*,DLY-TAVG-NORMAL,DLY-DUTR-NORMAL,DLY-TMAX-NORMAL,DLY-TMIN-NORMAL,*,*,*,*
GHCND:USW00003759,CHARLOTTESVILLE 2 SSE VA US,20100101,0,0,0,0,0,0,0,0,0,0,0,0,0,0,0,0,0,0,0,0,0,0,0,0,0,0,342,166,425,259,0,0,0,0
GHCND:USW00003759,CHARLOTTESVILLE 2 SSE VA US,20100102,0,0,0,0,0,0,0,0,0,0,0,0,0,0,0,0,0,0,0,0,0,0,0,0,0,0,341,165,423,258,0,0,0,0
GHCND:USW00003759,CHARLOTTESVILLE 2 SSE VA US,20100103,0,0,0,0,0,0,0,0,0,0,0,0,0,0,0,0,0,0,0,0,0,0,0,0,0,0,340,165,422,257,0,0,0,0
GHCND:USW00003759,CHARLOTTESVILLE 2 SSE VA US,20100104,0,0,0,0,0,0,0,0,0,0,0,0,0,0,0,0,0,0,0,0,0,0,0,0,0,0,339,164,421,257,0,0,0,0
GHCND:USW00003759,CHARLOTTESVILLE 2 SSE VA US,20100105,0,0,0,0,0,0,0,0,0,0,0,0,0,0,0,0,0,0,0,0,0,0,0,0,0,0,338,164,420,256,0,0,0,0
GHCND:USW00003759,CHARLOTTESVILLE 2 SSE VA US,20100106,0,0,0,0,0,0,0,0,0,0,0,0,0,0,0,0,0,0,0,0,0,0,0,0,0,0,337,163,419,256,0,0,0,0
GHCND:USW00003759,CHARLOTTESVILLE 2 SSE VA US,20100107,0,0,0,0,0,0,0,0,0,0,0,0,0,0,0,0,0,0,0,0,0,0,0,0,0,0,337,163,418,256,0,0,0,0
GHCND:USW00003759,CHARLOTTESVILLE 2 SSE VA US,20100108,0,0,0,0,0,0,0,0,0,0,0,0,0,0,0,0,0,0,0,0,0,0,0,0,0,0,337,162,418,255,0,0,0,0
GHCND:USW00003759,CHARLOTTESVILLE 2 SSE VA US,20100109,0,0,0,0,0,0,0,0,0,0,0,0,0,0,0,0,0,0,0,0,0,0,0,0,0,0,336,162,417,255,0,0,0,0
GHCND:USW00003759,CHARLOTTESVILLE 2 SSE VA US,20100110,0,0,0,0,0,0,0,0,0,0,0,0,0,0,0,0,0,0,0,0,0,0,0,0,0,0,336,162,417,255,0,0,0,0
GHCND:USW00003759,CHARLOTTESVILLE 2 SSE VA US,20100111,0,0,0,0,0,0,0,0,0,0,0,0,0,0,0,0,0,0,0,0,0,0,0,0,0,0,336,162,417,255,0,0,0,0
GHCND:USW00003759,CHARLOTTESVILLE 2 SSE VA US,20100112,0,0,0,0,0,0,0,0,0,0,0,0,0,0,0,0,0,0,0,0,0,0,0,0,0,0,336,161,417,255,0,0,0,0
GHCND:USW00003759,CHARLOTTESVILLE 2 SSE VA US,20100113,0,0,0,0,0,0,0,0,0,0,0,0,0,0,0,0,0,0,0,0,0,0,0,0,0,0,336,161,417,255,0,0,0,0
GHCND:USW00003759,CHARLOTTESVILLE 2 SSE VA US,20100114,0,0,0,0,0,0,0,0,0,0,0,0,0,0,0,0,0,0,0,0,0,0,0,0,0,0,336,162,417,256,0,0,0,0
GHCND:USW00003759,CHARLOTTESVILLE 2 SSE VA US,20100115,0,0,0,0,0,0,0,0,0,0,0,0,0,0,0,0,0,0,0,0,0,0,0,0,0,0,337,162,418,256,0,0,0,0
GHCND:USW00003759,CHARLOTTESVILLE 2 SSE VA US,20100116,0,0,0,0,0,0,0,0,0,0,0,0,0,0,0,0,0,0,0,0,0,0,0,0,0,0,337,162,418,256,0,0,0,0
GHCND:USW00003759,CHARLOTTESVILLE 2 SSE VA US,20100117,0,0,0,0,0,0,0,0,0,0,0,0,0,0,0,0,0,0,0,0,0,0,0,0,0,0,338,162,419,256,0,0,0,0
GHCND:USW00003759,CHARLOTTESVILLE 2 SSE VA US,20100118,0,0,0,0,0,0,0,0,0,0,0,0,0,0,0,0,0,0,0,0,0,0,0,0,0,0,338,163,419,257,0,0,0,0
GHCND:USW00003759,CHARLOTTESVILLE 2 SSE VA US,20100119,0,0,0,0,0,0,0,0,0,0,0,0,0,0,0,0,0,0,0,0,0,0,0,0,0,0,339,163,420,257,0,0,0,0
GHCND:USW00003759,CHARLOTTESVILLE 2 SSE VA US,20100120,0,0,0,0,0,0,0,0,0,0,0,0,0,0,0,0,0,0,0,0,0,0,0,0,0,0,339,164,421,258,0,0,0,0
GHCND:USW00003759,CHARLOTTESVILLE 2 SSE VA US,20100121,0,0,0,0,0,0,0,0,0,0,0,0,0,0,0,0,0,0,0,0,0,0,0,0,0,0,340,164,422,258,0,0,0,0
GHCND:USW00003759,CHARLOTTESVILLE 2 SSE VA US,20100122,0,0,0,0,0,0,0,0,0,0,0,0,0,0,0,0,0,0,0,0,0,0,0,0,0,0,341,165,424,259,0,0,0,0
GHCND:USW00003759,CHARLOTTESVILLE 2 SSE VA US,20100123,0,0,0,0,0,0,0,0,0,0,0,0,0,0,0,0,0,0,0,0,0,0,0,0,0,0,342,166,425,259,0,0,0,0
GHCND:USW00003759,CHARLOTTESVILLE 2 SSE VA US,20100124,0,0,0,0,0,0,0,0,0,0,0,0,0,0,0,0,0,0,0,0,0,0,0,0,0,0,343,167,426,260,0,0,0,0
GHCND:USW00003759,CHARLOTTESVILLE 2 SSE VA US,20100125,0,0,0,0,0,0,0,0,0,0,0,0,0,0,0,0,0,0,0,0,0,0,0,0,0,0,344,168,428,260,0,0,0,0
GHCND:USW00003759,CHARLOTTESVILLE 2 SSE VA US,20100126,0,0,0,0,0,0,0,0,0,0,0,0,0,0,0,0,0,0,0,0,0,0,0,0,0,0,345,168,429,261,0,0,0,0
GHCND:USW00003759,CHARLOTTESVILLE 2 SSE VA US,20100127,0,0,0,0,0,0,0,0,0,0,0,0,0,0,0,0,0,0,0,0,0,0,0,0,0,0,346,169,431,262,0,0,0,0
GHCND:USW00003759,CHARLOTTESVILLE 2 SSE VA US,20100128,0,0,0,0,0,0,0,0,0,0,0,0,0,0,0,0,0,0,0,0,0,0,0,0,0,0,348,171,433,262,0,0,0,0
GHCND:USW00003759,CHARLOTTESVILLE 2 SSE VA US,20100129,0,0,0,0,0,0,0,0,0,0,0,0,0,0,0,0,0,0,0,0,0,0,0,0,0,0,349,172,435,263,0,0,0,0
GHCND:USW00003759,CHARLOTTESVILLE 2 SSE VA US,20100130,0,0,0,0,0,0,0,0,0,0,0,0,0,0,0,0,0,0,0,0,0,0,0,0,0,0,350,173,436,264,0,0,0,0
GHCND:USW00003759,CHARLOTTESVILLE 2 SSE VA US,20100131,0,0,0,0,0,0,0,0,0,0,0,0,0,0,0,0,0,0,0,0,0,0,0,0,0,0,351,174,438,264,0,0,0,0
GHCND:USW00003759,CHARLOTTESVILLE 2 SSE VA US,20100201,0,0,0,0,0,0,0,0,0,0,0,0,0,0,0,0,0,0,0,0,0,0,0,0,0,0,353,175,440,265,0,0,0,0
GHCND:USW00003759,CHARLOTTESVILLE 2 SSE VA US,20100202,0,0,0,0,0,0,0,0,0,0,0,0,0,0,0,0,0,0,0,0,0,0,0,0,0,0,354,176,442,266,0,0,0,0
GHCND:USW00003759,CHARLOTTESVILLE 2 SSE VA US,20100203,0,0,0,0,0,0,0,0,0,0,0,0,0,0,0,0,0,0,0,0,0,0,0,0,0,0,355,178,444,267,0,0,0,0
GHCND:USW00003759,CHARLOTTESVILLE 2 SSE VA US,20100204,0,0,0,0,0,0,0,0,0,0,0,0,0,0,0,0,0,0,0,0,0,0,0,0,0,0,357,179,446,268,0,0,0,0
GHCND:USW00003759,CHARLOTTESVILLE 2 SSE VA US,20100205,0,0,0,0,0,0,0,0,0,0,0,0,0,0,0,0,0,0,0,0,0,0,0,0,0,0,358,180,448,268,0,0,0,0
GHCND:USW00003759,CHARLOTTESVILLE 2 SSE VA US,20100206,0,0,0,0,0,0,0,0,0,0,0,0,0,0,0,0,0,0,0,0,0,0,0,0,0,0,360,181,451,269,0,0,0,0
GHCND:USW00003759,CHARLOTTESVILLE 2 SSE VA US,20100207,0,0,0,0,0,0,0,0,0,0,0,0,0,0,0,0,0,0,0,0,0,0,0,0,0,0,361,183,453,270,0,0,0,0
GHCND:USW00003759,CHARLOTTESVILLE 2 SSE VA US,20100208,0,0,0,0,0,0,0,0,0,0,0,0,0,0,0,0,0,0,0,0,0,0,0,0,0,0,363,184,455,271,0,0,0,0
GHCND:USW00003759,CHARLOTTESVILLE 2 SSE VA US,20100209,0,0,0,0,0,0,0,0,0,0,0,0,0,0,0,0,0,0,0,0,0,0,0,0,0,0,365,185,457,272,0,0,0,0
GHCND:USW00003759,CHARLOTTESVILLE 2 SSE VA US,20100210,0,0,0,0,0,0,0,0,0,0,0,0,0,0,0,0,0,0,0,0,0,0,0,0,0,0,366,186,459,273,0,0,0,0
GHCND:USW00003759,CHARLOTTESVILLE 2 SSE VA US,20100211,0,0,0,0,0,0,0,0,0,0,0,0,0,0,0,0,0,0,0,0,0,0,0,0,0,0,368,187,461,274,0,0,0,0
GHCND:USW00003759,CHARLOTTESVILLE 2 SSE VA US,20100212,0,0,0,0,0,0,0,0,0,0,0,0,0,0,0,0,0,0,0,0,0,0,0,0,0,0,369,188,464,275,0,0,0,0
GHCND:USW00003759,CHARLOTTESVILLE 2 SSE VA US,20100213,0,0,0,0,0,0,0,0,0,0,0,0,0,0,0,0,0,0,0,0,0,0,0,0,0,0,371,190,466,276,0,0,0,0
GHCND:USW00003759,CHARLOTTESVILLE 2 SSE VA US,20100214,0,0,0,0,0,0,0,0,0,0,0,0,0,0,0,0,0,0,0,0,0,0,0,0,0,0,373,191,468,278,0,0,0,0
GHCND:USW00003759,CHARLOTTESVILLE 2 SSE VA US,20100215,0,0,0,0,0,0,0,0,0,0,0,0,0,0,0,0,0,0,0,0,0,0,0,0,0,0,375,192,471,279,0,0,0,0
GHCND:USW00003759,CHARLOTTESVILLE 2 SSE VA US,20100216,0,0,0,0,0,0,0,0,0,0,0,0,0,0,0,0,0,0,0,0,0,0,0,0,0,0,376,193,473,280,0,0,0,0
GHCND:USW00003759,CHARLOTTESVILLE 2 SSE VA US,20100217,0,0,0,0,0,0,0,0,0,0,0,0,0,0,0,0,0,0,0,0,0,0,0,0,0,0,378,194,475,282,0,0,0,0
GHCND:USW00003759,CHARLOTTESVILLE 2 SSE VA US,20100218,0,0,0,0,0,0,0,0,0,0,0,0,0,0,0,0,0,0,0,0,0,0,0,0,0,0,380,195,478,283,0,0,0,0
GHCND:USW00003759,CHARLOTTESVILLE 2 SSE VA US,20100219,0,0,0,0,0,0,0,0,0,0,0,0,0,0,0,0,0,0,0,0,0,0,0,0,0,0,382,195,480,284,0,0,0,0
GHCND:USW00003759,CHARLOTTESVILLE 2 SSE VA US,20100220,0,0,0,0,0,0,0,0,0,0,0,0,0,0,0,0,0,0,0,0,0,0,0,0,0,0,384,196,482,286,0,0,0,0
GHCND:USW00003759,CHARLOTTESVILLE 2 SSE VA US,20100221,0,0,0,0,0,0,0,0,0,0,0,0,0,0,0,0,0,0,0,0,0,0,0,0,0,0,386,197,485,288,0,0,0,0
GHCND:USW00003759,CHARLOTTESVILLE 2 SSE VA US,20100222,0,0,0,0,0,0,0,0,0,0,0,0,0,0,0,0,0,0,0,0,0,0,0,0,0,0,388,198,487,289,0,0,0,0
GHCND:USW00003759,CHARLOTTESVILLE 2 SSE VA US,20100223,0,0,0,0,0,0,0,0,0,0,0,0,0,0,0,0,0,0,0,0,0,0,0,0,0,0,390,198,490,291,0,0,0,0
GHCND:USW00003759,CHARLOTTESVILLE 2 SSE VA US,20100224,0,0,0,0,0,0,0,0,0,0,0,0,0,0,0,0,0,0,0,0,0,0,0,0,0,0,393,199,492,293,0,0,0,0
GHCND:USW00003759,CHARLOTTESVILLE 2 SSE VA US,20100225,0,0,0,0,0,0,0,0,0,0,0,0,0,0,0,0,0,0,0,0,0,0,0,0,0,0,395,199,494,295,0,0,0,0
GHCND:USW00003759,CHARLOTTESVILLE 2 SSE VA US,20100226,0,0,0,0,0,0,0,0,0,0,0,0,0,0,0,0,0,0,0,0,0,0,0,0,0,0,397,200,497,297,0,0,0,0
GHCND:USW00003759,CHARLOTTESVILLE 2 SSE VA US,20100227,0,0,0,0,0,0,0,0,0,0,0,0,0,0,0,0,0,0,0,0,0,0,0,0,0,0,399,200,500,299,0,0,0,0
GHCND:USW00003759,CHARLOTTESVILLE 2 SSE VA US,20100228,0,0,0,0,0,0,0,0,0,0,0,0,0,0,0,0,0,0,0,0,0,0,0,0,0,0,402,201,502,301,0,0,0,0
GHCND:USW00003759,CHARLOTTESVILLE 2 SSE VA US,20100301,0,0,0,0,0,0,0,0,0,0,0,0,0,0,0,0,0,0,0,0,0,0,0,0,0,0,404,201,505,304,0,0,0,0
GHCND:USW00003759,CHARLOTTESVILLE 2 SSE VA US,20100302,0,0,0,0,0,0,0,0,0,0,0,0,0,0,0,0,0,0,0,0,0,0,0,0,0,0,407,201,507,306,0,0,0,0
GHCND:USW00003759,CHARLOTTESVILLE 2 SSE VA US,20100303,0,0,0,0,0,0,0,0,0,0,0,0,0,0,0,0,0,0,0,0,0,0,0,0,0,0,409,202,510,309,0,0,0,0
GHCND:USW00003759,CHARLOTTESVILLE 2 SSE VA US,20100304,0,0,0,0,0,0,0,0,0,0,0,0,0,0,0,0,0,0,0,0,0,0,0,0,0,0,412,202,513,311,0,0,0,0
GHCND:USW00003759,CHARLOTTESVILLE 2 SSE VA US,20100305,0,0,0,0,0,0,0,0,0,0,0,0,0,0,0,0,0,0,0,0,0,0,0,0,0,0,415,202,516,314,0,0,0,0
GHCND:USW00003759,CHARLOTTESVILLE 2 SSE VA US,20100306,0,0,0,0,0,0,0,0,0,0,0,0,0,0,0,0,0,0,0,0,0,0,0,0,0,0,418,202,519,317,0,0,0,0
GHCND:USW00003759,CHARLOTTESVILLE 2 SSE VA US,20100307,0,0,0,0,0,0,0,0,0,0,0,0,0,0,0,0,0,0,0,0,0,0,0,0,0,0,420,202,521,319,0,0,0,0
GHCND:USW00003759,CHARLOTTESVILLE 2 SSE VA US,20100308,0,0,0,0,0,0,0,0,0,0,0,0,0,0,0,0,0,0,0,0,0,0,0,0,0,0,423,202,524,322,0,0,0,0
GHCND:USW00003759,CHARLOTTESVILLE 2 SSE VA US,20100309,0,0,0,0,0,0,0,0,0,0,0,0,0,0,0,0,0,0,0,0,0,0,0,0,0,0,426,202,527,325,0,0,0,0
GHCND:USW00003759,CHARLOTTESVILLE 2 SSE VA US,20100310,0,0,0,0,0,0,0,0,0,0,0,0,0,0,0,0,0,0,0,0,0,0,0,0,0,0,429,202,530,329,0,0,0,0
GHCND:USW00003759,CHARLOTTESVILLE 2 SSE VA US,20100311,0,0,0,0,0,0,0,0,0,0,0,0,0,0,0,0,0,0,0,0,0,0,0,0,0,0,433,202,534,332,0,0,0,0
GHCND:USW00003759,CHARLOTTESVILLE 2 SSE VA US,20100312,0,0,0,0,0,0,0,0,0,0,0,0,0,0,0,0,0,0,0,0,0,0,0,0,0,0,436,202,537,335,0,0,0,0
GHCND:USW00003759,CHARLOTTESVILLE 2 SSE VA US,20100313,0,0,0,0,0,0,0,0,0,0,0,0,0,0,0,0,0,0,0,0,0,0,0,0,0,0,439,202,540,338,0,0,0,0
GHCND:USW00003759,CHARLOTTESVILLE 2 SSE VA US,20100314,0,0,0,0,0,0,0,0,0,0,0,0,0,0,0,0,0,0,0,0,0,0,0,0,0,0,442,201,543,342,0,0,0,0
GHCND:USW00003759,CHARLOTTESVILLE 2 SSE VA US,20100315,0,0,0,0,0,0,0,0,0,0,0,0,0,0,0,0,0,0,0,0,0,0,0,0,0,0,446,201,546,345,0,0,0,0
GHCND:USW00003759,CHARLOTTESVILLE 2 SSE VA US,20100316,0,0,0,0,0,0,0,0,0,0,0,0,0,0,0,0,0,0,0,0,0,0,0,0,0,0,449,201,550,349,0,0,0,0
GHCND:USW00003759,CHARLOTTESVILLE 2 SSE VA US,20100317,0,0,0,0,0,0,0,0,0,0,0,0,0,0,0,0,0,0,0,0,0,0,0,0,0,0,453,201,553,352,0,0,0,0
GHCND:USW00003759,CHARLOTTESVILLE 2 SSE VA US,20100318,0,0,0,0,0,0,0,0,0,0,0,0,0,0,0,0,0,0,0,0,0,0,0,0,0,0,456,200,556,356,0,0,0,0
GHCND:USW00003759,CHARLOTTESVILLE 2 SSE VA US,20100319,0,0,0,0,0,0,0,0,0,0,0,0,0,0,0,0,0,0,0,0,0,0,0,0,0,0,460,200,560,360,0,0,0,0
GHCND:USW00003759,CHARLOTTESVILLE 2 SSE VA US,20100320,0,0,0,0,0,0,0,0,0,0,0,0,0,0,0,0,0,0,0,0,0,0,0,0,0,0,463,200,563,363,0,0,0,0
GHCND:USW00003759,CHARLOTTESVILLE 2 SSE VA US,20100321,0,0,0,0,0,0,0,0,0,0,0,0,0,0,0,0,0,0,0,0,0,0,0,0,0,0,467,199,567,367,0,0,0,0
GHCND:USW00003759,CHARLOTTESVILLE 2 SSE VA US,20100322,0,0,0,0,0,0,0,0,0,0,0,0,0,0,0,0,0,0,0,0,0,0,0,0,0,0,471,199,570,371,0,0,0,0
GHCND:USW00003759,CHARLOTTESVILLE 2 SSE VA US,20100323,0,0,0,0,0,0,0,0,0,0,0,0,0,0,0,0,0,0,0,0,0,0,0,0,0,0,474,199,574,375,0,0,0,0
GHCND:USW00003759,CHARLOTTESVILLE 2 SSE VA US,20100324,0,0,0,0,0,0,0,0,0,0,0,0,0,0,0,0,0,0,0,0,0,0,0,0,0,0,478,198,577,379,0,0,0,0
GHCND:USW00003759,CHARLOTTESVILLE 2 SSE VA US,20100325,0,0,0,0,0,0,0,0,0,0,0,0,0,0,0,0,0,0,0,0,0,0,0,0,0,0,482,198,581,383,0,0,0,0
GHCND:USW00003759,CHARLOTTESVILLE 2 SSE VA US,20100326,0,0,0,0,0,0,0,0,0,0,0,0,0,0,0,0,0,0,0,0,0,0,0,0,0,0,485,198,584,387,0,0,0,0
GHCND:USW00003759,CHARLOTTESVILLE 2 SSE VA US,20100327,0,0,0,0,0,0,0,0,0,0,0,0,0,0,0,0,0,0,0,0,0,0,0,0,0,0,489,197,588,390,0,0,0,0
GHCND:USW00003759,CHARLOTTESVILLE 2 SSE VA US,20100328,0,0,0,0,0,0,0,0,0,0,0,0,0,0,0,0,0,0,0,0,0,0,0,0,0,0,493,197,591,394,0,0,0,0
GHCND:USW00003759,CHARLOTTESVILLE 2 SSE VA US,20100329,0,0,0,0,0,0,0,0,0,0,0,0,0,0,0,0,0,0,0,0,0,0,0,0,0,0,497,197,595,398,0,0,0,0
GHCND:USW00003759,CHARLOTTESVILLE 2 SSE VA US,20100330,0,0,0,0,0,0,0,0,0,0,0,0,0,0,0,0,0,0,0,0,0,0,0,0,0,0,500,196,598,402,0,0,0,0
GHCND:USW00003759,CHARLOTTESVILLE 2 SSE VA US,20100331,0,0,0,0,0,0,0,0,0,0,0,0,0,0,0,0,0,0,0,0,0,0,0,0,0,0,504,196,602,406,0,0,0,0
GHCND:USW00003759,CHARLOTTESVILLE 2 SSE VA US,20100401,0,0,0,0,0,0,0,0,0,0,0,0,0,0,0,0,0,0,0,0,0,0,0,0,0,0,508,196,605,410,0,0,0,0
GHCND:USW00003759,CHARLOTTESVILLE 2 SSE VA US,20100402,0,0,0,0,0,0,0,0,0,0,0,0,0,0,0,0,0,0,0,0,0,0,0,0,0,0,511,195,609,414,0,0,0,0
GHCND:USW00003759,CHARLOTTESVILLE 2 SSE VA US,20100403,0,0,0,0,0,0,0,0,0,0,0,0,0,0,0,0,0,0,0,0,0,0,0,0,0,0,515,195,612,417,0,0,0,0
GHCND:USW00003759,CHARLOTTESVILLE 2 SSE VA US,20100404,0,0,0,0,0,0,0,0,0,0,0,0,0,0,0,0,0,0,0,0,0,0,0,0,0,0,519,195,616,421,0,0,0,0
GHCND:USW00003759,CHARLOTTESVILLE 2 SSE VA US,20100405,0,0,0,0,0,0,0,0,0,0,0,0,0,0,0,0,0,0,0,0,0,0,0,0,0,0,522,194,619,425,0,0,0,0
GHCND:USW00003759,CHARLOTTESVILLE 2 SSE VA US,20100406,0,0,0,0,0,0,0,0,0,0,0,0,0,0,0,0,0,0,0,0,0,0,0,0,0,0,526,194,623,429,0,0,0,0
GHCND:USW00003759,CHARLOTTESVILLE 2 SSE VA US,20100407,0,0,0,0,0,0,0,0,0,0,0,0,0,0,0,0,0,0,0,0,0,0,0,0,0,0,529,194,626,432,0,0,0,0
GHCND:USW00003759,CHARLOTTESVILLE 2 SSE VA US,20100408,0,0,0,0,0,0,0,0,0,0,0,0,0,0,0,0,0,0,0,0,0,0,0,0,0,0,533,193,629,436,0,0,0,0
GHCND:USW00003759,CHARLOTTESVILLE 2 SSE VA US,20100409,0,0,0,0,0,0,0,0,0,0,0,0,0,0,0,0,0,0,0,0,0,0,0,0,0,0,536,193,632,439,0,0,0,0
GHCND:USW00003759,CHARLOTTESVILLE 2 SSE VA US,20100410,0,0,0,0,0,0,0,0,0,0,0,0,0,0,0,0,0,0,0,0,0,0,0,0,0,0,539,193,636,443,0,0,0,0
GHCND:USW00003759,CHARLOTTESVILLE 2 SSE VA US,20100411,0,0,0,0,0,0,0,0,0,0,0,0,0,0,0,0,0,0,0,0,0,0,0,0,0,0,543,193,639,446,0,0,0,0
GHCND:USW00003759,CHARLOTTESVILLE 2 SSE VA US,20100412,0,0,0,0,0,0,0,0,0,0,0,0,0,0,0,0,0,0,0,0,0,0,0,0,0,0,546,192,642,450,0,0,0,0
GHCND:USW00003759,CHARLOTTESVILLE 2 SSE VA US,20100413,0,0,0,0,0,0,0,0,0,0,0,0,0,0,0,0,0,0,0,0,0,0,0,0,0,0,549,192,645,453,0,0,0,0
GHCND:USW00003759,CHARLOTTESVILLE 2 SSE VA US,20100414,0,0,0,0,0,0,0,0,0,0,0,0,0,0,0,0,0,0,0,0,0,0,0,0,0,0,552,192,648,456,0,0,0,0
GHCND:USW00003759,CHARLOTTESVILLE 2 SSE VA US,20100415,0,0,0,0,0,0,0,0,0,0,0,0,0,0,0,0,0,0,0,0,0,0,0,0,0,0,555,192,651,459,0,0,0,0
GHCND:USW00003759,CHARLOTTESVILLE 2 SSE VA US,20100416,0,0,0,0,0,0,0,0,0,0,0,0,0,0,0,0,0,0,0,0,0,0,0,0,0,0,558,191,654,463,0,0,0,0
GHCND:USW00003759,CHARLOTTESVILLE 2 SSE VA US,20100417,0,0,0,0,0,0,0,0,0,0,0,0,0,0,0,0,0,0,0,0,0,0,0,0,0,0,561,191,657,466,0,0,0,0
GHCND:USW00003759,CHARLOTTESVILLE 2 SSE VA US,20100418,0,0,0,0,0,0,0,0,0,0,0,0,0,0,0,0,0,0,0,0,0,0,0,0,0,0,564,191,660,469,0,0,0,0
GHCND:USW00003759,CHARLOTTESVILLE 2 SSE VA US,20100419,0,0,0,0,0,0,0,0,0,0,0,0,0,0,0,0,0,0,0,0,0,0,0,0,0,0,567,191,663,472,0,0,0,0
GHCND:USW00003759,CHARLOTTESVILLE 2 SSE VA US,20100420,0,0,0,0,0,0,0,0,0,0,0,0,0,0,0,0,0,0,0,0,0,0,0,0,0,0,570,191,665,475,0,0,0,0
GHCND:USW00003759,CHARLOTTESVILLE 2 SSE VA US,20100421,0,0,0,0,0,0,0,0,0,0,0,0,0,0,0,0,0,0,0,0,0,0,0,0,0,0,573,191,668,477,0,0,0,0
GHCND:USW00003759,CHARLOTTESVILLE 2 SSE VA US,20100422,0,0,0,0,0,0,0,0,0,0,0,0,0,0,0,0,0,0,0,0,0,0,0,0,0,0,575,191,671,480,0,0,0,0
GHCND:USW00003759,CHARLOTTESVILLE 2 SSE VA US,20100423,0,0,0,0,0,0,0,0,0,0,0,0,0,0,0,0,0,0,0,0,0,0,0,0,0,0,578,191,673,483,0,0,0,0
GHCND:USW00003759,CHARLOTTESVILLE 2 SSE VA US,20100424,0,0,0,0,0,0,0,0,0,0,0,0,0,0,0,0,0,0,0,0,0,0,0,0,0,0,581,190,676,486,0,0,0,0
GHCND:USW00003759,CHARLOTTESVILLE 2 SSE VA US,20100425,0,0,0,0,0,0,0,0,0,0,0,0,0,0,0,0,0,0,0,0,0,0,0,0,0,0,583,190,679,488,0,0,0,0
GHCND:USW00003759,CHARLOTTESVILLE 2 SSE VA US,20100426,0,0,0,0,0,0,0,0,0,0,0,0,0,0,0,0,0,0,0,0,0,0,0,0,0,0,586,190,681,491,0,0,0,0
GHCND:USW00003759,CHARLOTTESVILLE 2 SSE VA US,20100427,0,0,0,0,0,0,0,0,0,0,0,0,0,0,0,0,0,0,0,0,0,0,0,0,0,0,589,190,684,494,0,0,0,0
GHCND:USW00003759,CHARLOTTESVILLE 2 SSE VA US,20100428,0,0,0,0,0,0,0,0,0,0,0,0,0,0,0,0,0,0,0,0,0,0,0,0,0,0,591,190,686,496,0,0,0,0
GHCND:USW00003759,CHARLOTTESVILLE 2 SSE VA US,20100429,0,0,0,0,0,0,0,0,0,0,0,0,0,0,0,0,0,0,0,0,0,0,0,0,0,0,594,190,689,499,0,0,0,0
GHCND:USW00003759,CHARLOTTESVILLE 2 SSE VA US,20100430,0,0,0,0,0,0,0,0,0,0,0,0,0,0,0,0,0,0,0,0,0,0,0,0,0,0,596,190,691,501,0,0,0,0
GHCND:USW00003759,CHARLOTTESVILLE 2 SSE VA US,20100501,0,0,0,0,0,0,0,0,0,0,0,0,0,0,0,0,0,0,0,0,0,0,0,0,0,0,599,190,694,504,0,0,0,0
GHCND:USW00003759,CHARLOTTESVILLE 2 SSE VA US,20100502,0,0,0,0,0,0,0,0,0,0,0,0,0,0,0,0,0,0,0,0,0,0,0,0,0,0,601,190,696,506,0,0,0,0
GHCND:USW00003759,CHARLOTTESVILLE 2 SSE VA US,20100503,0,0,0,0,0,0,0,0,0,0,0,0,0,0,0,0,0,0,0,0,0,0,0,0,0,0,604,190,699,509,0,0,0,0
GHCND:USW00003759,CHARLOTTESVILLE 2 SSE VA US,20100504,0,0,0,0,0,0,0,0,0,0,0,0,0,0,0,0,0,0,0,0,0,0,0,0,0,0,606,190,701,511,0,0,0,0
GHCND:USW00003759,CHARLOTTESVILLE 2 SSE VA US,20100505,0,0,0,0,0,0,0,0,0,0,0,0,0,0,0,0,0,0,0,0,0,0,0,0,0,0,609,190,703,514,0,0,0,0
GHCND:USW00003759,CHARLOTTESVILLE 2 SSE VA US,20100506,0,0,0,0,0,0,0,0,0,0,0,0,0,0,0,0,0,0,0,0,0,0,0,0,0,0,611,189,706,516,0,0,0,0
GHCND:USW00003759,CHARLOTTESVILLE 2 SSE VA US,20100507,0,0,0,0,0,0,0,0,0,0,0,0,0,0,0,0,0,0,0,0,0,0,0,0,0,0,613,189,708,519,0,0,0,0
GHCND:USW00003759,CHARLOTTESVILLE 2 SSE VA US,20100508,0,0,0,0,0,0,0,0,0,0,0,0,0,0,0,0,0,0,0,0,0,0,0,0,0,0,616,189,711,521,0,0,0,0
GHCND:USW00003759,CHARLOTTESVILLE 2 SSE VA US,20100509,0,0,0,0,0,0,0,0,0,0,0,0,0,0,0,0,0,0,0,0,0,0,0,0,0,0,618,189,713,524,0,0,0,0
GHCND:USW00003759,CHARLOTTESVILLE 2 SSE VA US,20100510,0,0,0,0,0,0,0,0,0,0,0,0,0,0,0,0,0,0,0,0,0,0,0,0,0,0,621,189,715,526,0,0,0,0
GHCND:USW00003759,CHARLOTTESVILLE 2 SSE VA US,20100511,0,0,0,0,0,0,0,0,0,0,0,0,0,0,0,0,0,0,0,0,0,0,0,0,0,0,623,189,718,529,0,0,0,0
GHCND:USW00003759,CHARLOTTESVILLE 2 SSE VA US,20100512,0,0,0,0,0,0,0,0,0,0,0,0,0,0,0,0,0,0,0,0,0,0,0,0,0,0,626,188,720,532,0,0,0,0
GHCND:USW00003759,CHARLOTTESVILLE 2 SSE VA US,20100513,0,0,0,0,0,0,0,0,0,0,0,0,0,0,0,0,0,0,0,0,0,0,0,0,0,0,628,188,723,534,0,0,0,0
GHCND:USW00003759,CHARLOTTESVILLE 2 SSE VA US,20100514,0,0,0,0,0,0,0,0,0,0,0,0,0,0,0,0,0,0,0,0,0,0,0,0,0,0,631,188,725,537,0,0,0,0
GHCND:USW00003759,CHARLOTTESVILLE 2 SSE VA US,20100515,0,0,0,0,0,0,0,0,0,0,0,0,0,0,0,0,0,0,0,0,0,0,0,0,0,0,634,188,727,540,0,0,0,0
GHCND:USW00003759,CHARLOTTESVILLE 2 SSE VA US,20100516,0,0,0,0,0,0,0,0,0,0,0,0,0,0,0,0,0,0,0,0,0,0,0,0,0,0,636,187,730,543,0,0,0,0
GHCND:USW00003759,CHARLOTTESVILLE 2 SSE VA US,20100517,0,0,0,0,0,0,0,0,0,0,0,0,0,0,0,0,0,0,0,0,0,0,0,0,0,0,639,187,732,545,0,0,0,0
GHCND:USW00003759,CHARLOTTESVILLE 2 SSE VA US,20100518,0,0,0,0,0,0,0,0,0,0,0,0,0,0,0,0,0,0,0,0,0,0,0,0,0,0,642,187,735,548,0,0,0,0
GHCND:USW00003759,CHARLOTTESVILLE 2 SSE VA US,20100519,0,0,0,0,0,0,0,0,0,0,0,0,0,0,0,0,0,0,0,0,0,0,0,0,0,0,644,186,737,551,0,0,0,0
GHCND:USW00003759,CHARLOTTESVILLE 2 SSE VA US,20100520,0,0,0,0,0,0,0,0,0,0,0,0,0,0,0,0,0,0,0,0,0,0,0,0,0,0,647,186,740,554,0,0,0,0
GHCND:USW00003759,CHARLOTTESVILLE 2 SSE VA US,20100521,0,0,0,0,0,0,0,0,0,0,0,0,0,0,0,0,0,0,0,0,0,0,0,0,0,0,650,185,742,557,0,0,0,0
GHCND:USW00003759,CHARLOTTESVILLE 2 SSE VA US,20100522,0,0,0,0,0,0,0,0,0,0,0,0,0,0,0,0,0,0,0,0,0,0,0,0,0,0,652,185,745,560,0,0,0,0
GHCND:USW00003759,CHARLOTTESVILLE 2 SSE VA US,20100523,0,0,0,0,0,0,0,0,0,0,0,0,0,0,0,0,0,0,0,0,0,0,0,0,0,0,655,184,747,563,0,0,0,0
GHCND:USW00003759,CHARLOTTESVILLE 2 SSE VA US,20100524,0,0,0,0,0,0,0,0,0,0,0,0,0,0,0,0,0,0,0,0,0,0,0,0,0,0,658,183,750,566,0,0,0,0
GHCND:USW00003759,CHARLOTTESVILLE 2 SSE VA US,20100525,0,0,0,0,0,0,0,0,0,0,0,0,0,0,0,0,0,0,0,0,0,0,0,0,0,0,661,183,752,569,0,0,0,0
GHCND:USW00003759,CHARLOTTESVILLE 2 SSE VA US,20100526,0,0,0,0,0,0,0,0,0,0,0,0,0,0,0,0,0,0,0,0,0,0,0,0,0,0,664,182,754,573,0,0,0,0
GHCND:USW00003759,CHARLOTTESVILLE 2 SSE VA US,20100527,0,0,0,0,0,0,0,0,0,0,0,0,0,0,0,0,0,0,0,0,0,0,0,0,0,0,666,181,757,576,0,0,0,0
GHCND:USW00003759,CHARLOTTESVILLE 2 SSE VA US,20100528,0,0,0,0,0,0,0,0,0,0,0,0,0,0,0,0,0,0,0,0,0,0,0,0,0,0,669,180,759,579,0,0,0,0
GHCND:USW00003759,CHARLOTTESVILLE 2 SSE VA US,20100529,0,0,0,0,0,0,0,0,0,0,0,0,0,0,0,0,0,0,0,0,0,0,0,0,0,0,672,180,762,582,0,0,0,0
GHCND:USW00003759,CHARLOTTESVILLE 2 SSE VA US,20100530,0,0,0,0,0,0,0,0,0,0,0,0,0,0,0,0,0,0,0,0,0,0,0,0,0,0,675,179,764,585,0,0,0,0
GHCND:USW00003759,CHARLOTTESVILLE 2 SSE VA US,20100531,0,0,0,0,0,0,0,0,0,0,0,0,0,0,0,0,0,0,0,0,0,0,0,0,0,0,678,178,767,589,0,0,0,0
GHCND:USW00003759,CHARLOTTESVILLE 2 SSE VA US,20100601,0,0,0,0,0,0,0,0,0,0,0,0,0,0,0,0,0,0,0,0,0,0,0,0,0,0,681,177,769,592,0,0,0,0
GHCND:USW00003759,CHARLOTTESVILLE 2 SSE VA US,20100602,0,0,0,0,0,0,0,0,0,0,0,0,0,0,0,0,0,0,0,0,0,0,0,0,0,0,683,176,771,595,0,0,0,0
GHCND:USW00003759,CHARLOTTESVILLE 2 SSE VA US,20100603,0,0,0,0,0,0,0,0,0,0,0,0,0,0,0,0,0,0,0,0,0,0,0,0,0,0,686,175,774,599,0,0,0,0
GHCND:USW00003759,CHARLOTTESVILLE 2 SSE VA US,20100604,0,0,0,0,0,0,0,0,0,0,0,0,0,0,0,0,0,0,0,0,0,0,0,0,0,0,689,174,776,602,0,0,0,0
GHCND:USW00003759,CHARLOTTESVILLE 2 SSE VA US,20100605,0,0,0,0,0,0,0,0,0,0,0,0,0,0,0,0,0,0,0,0,0,0,0,0,0,0,692,173,778,605,0,0,0,0
GHCND:USW00003759,CHARLOTTESVILLE 2 SSE VA US,20100606,0,0,0,0,0,0,0,0,0,0,0,0,0,0,0,0,0,0,0,0,0,0,0,0,0,0,694,172,781,608,0,0,0,0
GHCND:USW00003759,CHARLOTTESVILLE 2 SSE VA US,20100607,0,0,0,0,0,0,0,0,0,0,0,0,0,0,0,0,0,0,0,0,0,0,0,0,0,0,697,171,783,612,0,0,0,0
GHCND:USW00003759,CHARLOTTESVILLE 2 SSE VA US,20100608,0,0,0,0,0,0,0,0,0,0,0,0,0,0,0,0,0,0,0,0,0,0,0,0,0,0,700,170,785,615,0,0,0,0
GHCND:USW00003759,CHARLOTTESVILLE 2 SSE VA US,20100609,0,0,0,0,0,0,0,0,0,0,0,0,0,0,0,0,0,0,0,0,0,0,0,0,0,0,703,169,787,618,0,0,0,0
GHCND:USW00003759,CHARLOTTESVILLE 2 SSE VA US,20100610,0,0,0,0,0,0,0,0,0,0,0,0,0,0,0,0,0,0,0,0,0,0,0,0,0,0,705,168,789,621,0,0,0,0
GHCND:USW00003759,CHARLOTTESVILLE 2 SSE VA US,20100611,0,0,0,0,0,0,0,0,0,0,0,0,0,0,0,0,0,0,0,0,0,0,0,0,0,0,708,167,791,624,0,0,0,0
GHCND:USW00003759,CHARLOTTESVILLE 2 SSE VA US,20100612,0,0,0,0,0,0,0,0,0,0,0,0,0,0,0,0,0,0,0,0,0,0,0,0,0,0,710,166,793,627,0,0,0,0
GHCND:USW00003759,CHARLOTTESVILLE 2 SSE VA US,20100613,0,0,0,0,0,0,0,0,0,0,0,0,0,0,0,0,0,0,0,0,0,0,0,0,0,0,713,165,795,630,0,0,0,0
GHCND:USW00003759,CHARLOTTESVILLE 2 SSE VA US,20100614,0,0,0,0,0,0,0,0,0,0,0,0,0,0,0,0,0,0,0,0,0,0,0,0,0,0,715,164,797,633,0,0,0,0
GHCND:USW00003759,CHARLOTTESVILLE 2 SSE VA US,20100615,0,0,0,0,0,0,0,0,0,0,0,0,0,0,0,0,0,0,0,0,0,0,0,0,0,0,718,163,799,636,0,0,0,0
GHCND:USW00003759,CHARLOTTESVILLE 2 SSE VA US,20100616,0,0,0,0,0,0,0,0,0,0,0,0,0,0,0,0,0,0,0,0,0,0,0,0,0,0,720,162,801,639,0,0,0,0
GHCND:USW00003759,CHARLOTTESVILLE 2 SSE VA US,20100617,0,0,0,0,0,0,0,0,0,0,0,0,0,0,0,0,0,0,0,0,0,0,0,0,0,0,722,161,803,642,0,0,0,0
GHCND:USW00003759,CHARLOTTESVILLE 2 SSE VA US,20100618,0,0,0,0,0,0,0,0,0,0,0,0,0,0,0,0,0,0,0,0,0,0,0,0,0,0,725,161,805,644,0,0,0,0
GHCND:USW00003759,CHARLOTTESVILLE 2 SSE VA US,20100619,0,0,0,0,0,0,0,0,0,0,0,0,0,0,0,0,0,0,0,0,0,0,0,0,0,0,727,160,807,647,0,0,0,0
GHCND:USW00003759,CHARLOTTESVILLE 2 SSE VA US,20100620,0,0,0,0,0,0,0,0,0,0,0,0,0,0,0,0,0,0,0,0,0,0,0,0,0,0,729,159,809,649,0,0,0,0
GHCND:USW00003759,CHARLOTTESVILLE 2 SSE VA US,20100621,0,0,0,0,0,0,0,0,0,0,0,0,0,0,0,0,0,0,0,0,0,0,0,0,0,0,731,159,810,652,0,0,0,0
GHCND:USW00003759,CHARLOTTESVILLE 2 SSE VA US,20100622,0,0,0,0,0,0,0,0,0,0,0,0,0,0,0,0,0,0,0,0,0,0,0,0,0,0,733,158,812,654,0,0,0,0
GHCND:USW00003759,CHARLOTTESVILLE 2 SSE VA US,20100623,0,0,0,0,0,0,0,0,0,0,0,0,0,0,0,0,0,0,0,0,0,0,0,0,0,0,735,157,814,656,0,0,0,0
GHCND:USW00003759,CHARLOTTESVILLE 2 SSE VA US,20100624,0,0,0,0,0,0,0,0,0,0,0,0,0,0,0,0,0,0,0,0,0,0,0,0,0,0,737,157,815,658,0,0,0,0
GHCND:USW00003759,CHARLOTTESVILLE 2 SSE VA US,20100625,0,0,0,0,0,0,0,0,0,0,0,0,0,0,0,0,0,0,0,0,0,0,0,0,0,0,739,157,817,660,0,0,0,0
GHCND:USW00003759,CHARLOTTESVILLE 2 SSE VA US,20100626,0,0,0,0,0,0,0,0,0,0,0,0,0,0,0,0,0,0,0,0,0,0,0,0,0,0,740,156,819,662,0,0,0,0
GHCND:USW00003759,CHARLOTTESVILLE 2 SSE VA US,20100627,0,0,0,0,0,0,0,0,0,0,0,0,0,0,0,0,0,0,0,0,0,0,0,0,0,0,742,156,820,664,0,0,0,0
GHCND:USW00003759,CHARLOTTESVILLE 2 SSE VA US,20100628,0,0,0,0,0,0,0,0,0,0,0,0,0,0,0,0,0,0,0,0,0,0,0,0,0,0,744,156,822,666,0,0,0,0
GHCND:USW00003759,CHARLOTTESVILLE 2 SSE VA US,20100629,0,0,0,0,0,0,0,0,0,0,0,0,0,0,0,0,0,0,0,0,0,0,0,0,0,0,745,156,823,667,0,0,0,0
GHCND:USW00003759,CHARLOTTESVILLE 2 SSE VA US,20100630,0,0,0,0,0,0,0,0,0,0,0,0,0,0,0,0,0,0,0,0,0,0,0,0,0,0,747,156,824,669,0,0,0,0
GHCND:USW00003759,CHARLOTTESVILLE 2 SSE VA US,20100701,0,0,0,0,0,0,0,0,0,0,0,0,0,0,0,0,0,0,0,0,0,0,0,0,0,0,748,156,826,670,0,0,0,0
GHCND:USW00003759,CHARLOTTESVILLE 2 SSE VA US,20100702,0,0,0,0,0,0,0,0,0,0,0,0,0,0,0,0,0,0,0,0,0,0,0,0,0,0,749,156,827,671,0,0,0,0
GHCND:USW00003759,CHARLOTTESVILLE 2 SSE VA US,20100703,0,0,0,0,0,0,0,0,0,0,0,0,0,0,0,0,0,0,0,0,0,0,0,0,0,0,751,156,829,672,0,0,0,0
GHCND:USW00003759,CHARLOTTESVILLE 2 SSE VA US,20100704,0,0,0,0,0,0,0,0,0,0,0,0,0,0,0,0,0,0,0,0,0,0,0,0,0,0,752,156,830,674,0,0,0,0
GHCND:USW00003759,CHARLOTTESVILLE 2 SSE VA US,20100705,0,0,0,0,0,0,0,0,0,0,0,0,0,0,0,0,0,0,0,0,0,0,0,0,0,0,753,157,831,674,0,0,0,0
GHCND:USW00003759,CHARLOTTESVILLE 2 SSE VA US,20100706,0,0,0,0,0,0,0,0,0,0,0,0,0,0,0,0,0,0,0,0,0,0,0,0,0,0,754,157,832,675,0,0,0,0
GHCND:USW00003759,CHARLOTTESVILLE 2 SSE VA US,20100707,0,0,0,0,0,0,0,0,0,0,0,0,0,0,0,0,0,0,0,0,0,0,0,0,0,0,755,158,834,676,0,0,0,0
GHCND:USW00003759,CHARLOTTESVILLE 2 SSE VA US,20100708,0,0,0,0,0,0,0,0,0,0,0,0,0,0,0,0,0,0,0,0,0,0,0,0,0,0,756,158,835,677,0,0,0,0
GHCND:USW00003759,CHARLOTTESVILLE 2 SSE VA US,20100709,0,0,0,0,0,0,0,0,0,0,0,0,0,0,0,0,0,0,0,0,0,0,0,0,0,0,757,159,836,677,0,0,0,0
GHCND:USW00003759,CHARLOTTESVILLE 2 SSE VA US,20100710,0,0,0,0,0,0,0,0,0,0,0,0,0,0,0,0,0,0,0,0,0,0,0,0,0,0,758,159,837,678,0,0,0,0
GHCND:USW00003759,CHARLOTTESVILLE 2 SSE VA US,20100711,0,0,0,0,0,0,0,0,0,0,0,0,0,0,0,0,0,0,0,0,0,0,0,0,0,0,758,160,838,678,0,0,0,0
GHCND:USW00003759,CHARLOTTESVILLE 2 SSE VA US,20100712,0,0,0,0,0,0,0,0,0,0,0,0,0,0,0,0,0,0,0,0,0,0,0,0,0,0,759,161,839,679,0,0,0,0
GHCND:USW00003759,CHARLOTTESVILLE 2 SSE VA US,20100713,0,0,0,0,0,0,0,0,0,0,0,0,0,0,0,0,0,0,0,0,0,0,0,0,0,0,760,161,840,679,0,0,0,0
GHCND:USW00003759,CHARLOTTESVILLE 2 SSE VA US,20100714,0,0,0,0,0,0,0,0,0,0,0,0,0,0,0,0,0,0,0,0,0,0,0,0,0,0,760,162,841,679,0,0,0,0
GHCND:USW00003759,CHARLOTTESVILLE 2 SSE VA US,20100715,0,0,0,0,0,0,0,0,0,0,0,0,0,0,0,0,0,0,0,0,0,0,0,0,0,0,761,163,842,679,0,0,0,0
GHCND:USW00003759,CHARLOTTESVILLE 2 SSE VA US,20100716,0,0,0,0,0,0,0,0,0,0,0,0,0,0,0,0,0,0,0,0,0,0,0,0,0,0,761,164,843,679,0,0,0,0
GHCND:USW00003759,CHARLOTTESVILLE 2 SSE VA US,20100717,0,0,0,0,0,0,0,0,0,0,0,0,0,0,0,0,0,0,0,0,0,0,0,0,0,0,762,164,844,679,0,0,0,0
GHCND:USW00003759,CHARLOTTESVILLE 2 SSE VA US,20100718,0,0,0,0,0,0,0,0,0,0,0,0,0,0,0,0,0,0,0,0,0,0,0,0,0,0,762,165,845,679,0,0,0,0
GHCND:USW00003759,CHARLOTTESVILLE 2 SSE VA US,20100719,0,0,0,0,0,0,0,0,0,0,0,0,0,0,0,0,0,0,0,0,0,0,0,0,0,0,762,166,845,679,0,0,0,0
GHCND:USW00003759,CHARLOTTESVILLE 2 SSE VA US,20100720,0,0,0,0,0,0,0,0,0,0,0,0,0,0,0,0,0,0,0,0,0,0,0,0,0,0,763,167,846,679,0,0,0,0
GHCND:USW00003759,CHARLOTTESVILLE 2 SSE VA US,20100721,0,0,0,0,0,0,0,0,0,0,0,0,0,0,0,0,0,0,0,0,0,0,0,0,0,0,763,168,847,679,0,0,0,0
GHCND:USW00003759,CHARLOTTESVILLE 2 SSE VA US,20100722,0,0,0,0,0,0,0,0,0,0,0,0,0,0,0,0,0,0,0,0,0,0,0,0,0,0,763,168,847,679,0,0,0,0
GHCND:USW00003759,CHARLOTTESVILLE 2 SSE VA US,20100723,0,0,0,0,0,0,0,0,0,0,0,0,0,0,0,0,0,0,0,0,0,0,0,0,0,0,763,169,848,678,0,0,0,0
GHCND:USW00003759,CHARLOTTESVILLE 2 SSE VA US,20100724,0,0,0,0,0,0,0,0,0,0,0,0,0,0,0,0,0,0,0,0,0,0,0,0,0,0,763,170,848,678,0,0,0,0
GHCND:USW00003759,CHARLOTTESVILLE 2 SSE VA US,20100725,0,0,0,0,0,0,0,0,0,0,0,0,0,0,0,0,0,0,0,0,0,0,0,0,0,0,763,170,848,678,0,0,0,0
GHCND:USW00003759,CHARLOTTESVILLE 2 SSE VA US,20100726,0,0,0,0,0,0,0,0,0,0,0,0,0,0,0,0,0,0,0,0,0,0,0,0,0,0,763,171,849,677,0,0,0,0
GHCND:USW00003759,CHARLOTTESVILLE 2 SSE VA US,20100727,0,0,0,0,0,0,0,0,0,0,0,0,0,0,0,0,0,0,0,0,0,0,0,0,0,0,763,172,849,677,0,0,0,0
GHCND:USW00003759,CHARLOTTESVILLE 2 SSE VA US,20100728,0,0,0,0,0,0,0,0,0,0,0,0,0,0,0,0,0,0,0,0,0,0,0,0,0,0,763,172,849,677,0,0,0,0
GHCND:USW00003759,CHARLOTTESVILLE 2 SSE VA US,20100729,0,0,0,0,0,0,0,0,0,0,0,0,0,0,0,0,0,0,0,0,0,0,0,0,0,0,763,173,849,676,0,0,0,0
GHCND:USW00003759,CHARLOTTESVILLE 2 SSE VA US,20100730,0,0,0,0,0,0,0,0,0,0,0,0,0,0,0,0,0,0,0,0,0,0,0,0,0,0,762,173,849,676,0,0,0,0
GHCND:USW00003759,CHARLOTTESVILLE 2 SSE VA US,20100731,0,0,0,0,0,0,0,0,0,0,0,0,0,0,0,0,0,0,0,0,0,0,0,0,0,0,762,173,849,675,0,0,0,0
GHCND:USW00003759,CHARLOTTESVILLE 2 SSE VA US,20100801,0,0,0,0,0,0,0,0,0,0,0,0,0,0,0,0,0,0,0,0,0,0,0,0,0,0,762,174,848,675,0,0,0,0
GHCND:USW00003759,CHARLOTTESVILLE 2 SSE VA US,20100802,0,0,0,0,0,0,0,0,0,0,0,0,0,0,0,0,0,0,0,0,0,0,0,0,0,0,761,174,848,674,0,0,0,0
GHCND:USW00003759,CHARLOTTESVILLE 2 SSE VA US,20100803,0,0,0,0,0,0,0,0,0,0,0,0,0,0,0,0,0,0,0,0,0,0,0,0,0,0,761,174,848,674,0,0,0,0
GHCND:USW00003759,CHARLOTTESVILLE 2 SSE VA US,20100804,0,0,0,0,0,0,0,0,0,0,0,0,0,0,0,0,0,0,0,0,0,0,0,0,0,0,760,174,847,673,0,0,0,0
GHCND:USW00003759,CHARLOTTESVILLE 2 SSE VA US,20100805,0,0,0,0,0,0,0,0,0,0,0,0,0,0,0,0,0,0,0,0,0,0,0,0,0,0,760,174,847,673,0,0,0,0
GHCND:USW00003759,CHARLOTTESVILLE 2 SSE VA US,20100806,0,0,0,0,0,0,0,0,0,0,0,0,0,0,0,0,0,0,0,0,0,0,0,0,0,0,759,174,846,672,0,0,0,0
GHCND:USW00003759,CHARLOTTESVILLE 2 SSE VA US,20100807,0,0,0,0,0,0,0,0,0,0,0,0,0,0,0,0,0,0,0,0,0,0,0,0,0,0,758,174,845,671,0,0,0,0
GHCND:USW00003759,CHARLOTTESVILLE 2 SSE VA US,20100808,0,0,0,0,0,0,0,0,0,0,0,0,0,0,0,0,0,0,0,0,0,0,0,0,0,0,758,174,844,671,0,0,0,0
GHCND:USW00003759,CHARLOTTESVILLE 2 SSE VA US,20100809,0,0,0,0,0,0,0,0,0,0,0,0,0,0,0,0,0,0,0,0,0,0,0,0,0,0,757,173,843,670,0,0,0,0
GHCND:USW00003759,CHARLOTTESVILLE 2 SSE VA US,20100810,0,0,0,0,0,0,0,0,0,0,0,0,0,0,0,0,0,0,0,0,0,0,0,0,0,0,756,173,842,669,0,0,0,0
GHCND:USW00003759,CHARLOTTESVILLE 2 SSE VA US,20100811,0,0,0,0,0,0,0,0,0,0,0,0,0,0,0,0,0,0,0,0,0,0,0,0,0,0,755,173,841,669,0,0,0,0
GHCND:USW00003759,CHARLOTTESVILLE 2 SSE VA US,20100812,0,0,0,0,0,0,0,0,0,0,0,0,0,0,0,0,0,0,0,0,0,0,0,0,0,0,754,172,840,668,0,0,0,0
GHCND:USW00003759,CHARLOTTESVILLE 2 SSE VA US,20100813,0,0,0,0,0,0,0,0,0,0,0,0,0,0,0,0,0,0,0,0,0,0,0,0,0,0,753,172,839,667,0,0,0,0
GHCND:USW00003759,CHARLOTTESVILLE 2 SSE VA US,20100814,0,0,0,0,0,0,0,0,0,0,0,0,0,0,0,0,0,0,0,0,0,0,0,0,0,0,752,171,837,666,0,0,0,0
GHCND:USW00003759,CHARLOTTESVILLE 2 SSE VA US,20100815,0,0,0,0,0,0,0,0,0,0,0,0,0,0,0,0,0,0,0,0,0,0,0,0,0,0,750,171,836,665,0,0,0,0
GHCND:USW00003759,CHARLOTTESVILLE 2 SSE VA US,20100816,0,0,0,0,0,0,0,0,0,0,0,0,0,0,0,0,0,0,0,0,0,0,0,0,0,0,749,170,834,664,0,0,0,0
GHCND:USW00003759,CHARLOTTESVILLE 2 SSE VA US,20100817,0,0,0,0,0,0,0,0,0,0,0,0,0,0,0,0,0,0,0,0,0,0,0,0,0,0,748,169,832,663,0,0,0,0
GHCND:USW00003759,CHARLOTTESVILLE 2 SSE VA US,20100818,0,0,0,0,0,0,0,0,0,0,0,0,0,0,0,0,0,0,0,0,0,0,0,0,0,0,746,169,831,662,0,0,0,0
GHCND:USW00003759,CHARLOTTESVILLE 2 SSE VA US,20100819,0,0,0,0,0,0,0,0,0,0,0,0,0,0,0,0,0,0,0,0,0,0,0,0,0,0,745,168,829,661,0,0,0,0
GHCND:USW00003759,CHARLOTTESVILLE 2 SSE VA US,20100820,0,0,0,0,0,0,0,0,0,0,0,0,0,0,0,0,0,0,0,0,0,0,0,0,0,0,743,167,827,660,0,0,0,0
GHCND:USW00003759,CHARLOTTESVILLE 2 SSE VA US,20100821,0,0,0,0,0,0,0,0,0,0,0,0,0,0,0,0,0,0,0,0,0,0,0,0,0,0,742,167,825,658,0,0,0,0
GHCND:USW00003759,CHARLOTTESVILLE 2 SSE VA US,20100822,0,0,0,0,0,0,0,0,0,0,0,0,0,0,0,0,0,0,0,0,0,0,0,0,0,0,740,166,823,657,0,0,0,0
GHCND:USW00003759,CHARLOTTESVILLE 2 SSE VA US,20100823,0,0,0,0,0,0,0,0,0,0,0,0,0,0,0,0,0,0,0,0,0,0,0,0,0,0,738,165,821,656,0,0,0,0
GHCND:USW00003759,CHARLOTTESVILLE 2 SSE VA US,20100824,0,0,0,0,0,0,0,0,0,0,0,0,0,0,0,0,0,0,0,0,0,0,0,0,0,0,736,165,819,654,0,0,0,0
GHCND:USW00003759,CHARLOTTESVILLE 2 SSE VA US,20100825,0,0,0,0,0,0,0,0,0,0,0,0,0,0,0,0,0,0,0,0,0,0,0,0,0,0,735,164,817,653,0,0,0,0
GHCND:USW00003759,CHARLOTTESVILLE 2 SSE VA US,20100826,0,0,0,0,0,0,0,0,0,0,0,0,0,0,0,0,0,0,0,0,0,0,0,0,0,0,733,163,814,651,0,0,0,0
GHCND:USW00003759,CHARLOTTESVILLE 2 SSE VA US,20100827,0,0,0,0,0,0,0,0,0,0,0,0,0,0,0,0,0,0,0,0,0,0,0,0,0,0,731,163,812,649,0,0,0,0
GHCND:USW00003759,CHARLOTTESVILLE 2 SSE VA US,20100828,0,0,0,0,0,0,0,0,0,0,0,0,0,0,0,0,0,0,0,0,0,0,0,0,0,0,729,162,810,647,0,0,0,0
GHCND:USW00003759,CHARLOTTESVILLE 2 SSE VA US,20100829,0,0,0,0,0,0,0,0,0,0,0,0,0,0,0,0,0,0,0,0,0,0,0,0,0,0,726,162,807,646,0,0,0,0
GHCND:USW00003759,CHARLOTTESVILLE 2 SSE VA US,20100830,0,0,0,0,0,0,0,0,0,0,0,0,0,0,0,0,0,0,0,0,0,0,0,0,0,0,724,161,805,644,0,0,0,0
GHCND:USW00003759,CHARLOTTESVILLE 2 SSE VA US,20100831,0,0,0,0,0,0,0,0,0,0,0,0,0,0,0,0,0,0,0,0,0,0,0,0,0,0,722,161,802,641,0,0,0,0
GHCND:USW00003759,CHARLOTTESVILLE 2 SSE VA US,20100901,0,0,0,0,0,0,0,0,0,0,0,0,0,0,0,0,0,0,0,0,0,0,0,0,0,0,720,160,800,639,0,0,0,0
GHCND:USW00003759,CHARLOTTESVILLE 2 SSE VA US,20100902,0,0,0,0,0,0,0,0,0,0,0,0,0,0,0,0,0,0,0,0,0,0,0,0,0,0,717,160,797,637,0,0,0,0
GHCND:USW00003759,CHARLOTTESVILLE 2 SSE VA US,20100903,0,0,0,0,0,0,0,0,0,0,0,0,0,0,0,0,0,0,0,0,0,0,0,0,0,0,715,160,795,635,0,0,0,0
GHCND:USW00003759,CHARLOTTESVILLE 2 SSE VA US,20100904,0,0,0,0,0,0,0,0,0,0,0,0,0,0,0,0,0,0,0,0,0,0,0,0,0,0,712,160,792,632,0,0,0,0
GHCND:USW00003759,CHARLOTTESVILLE 2 SSE VA US,20100905,0,0,0,0,0,0,0,0,0,0,0,0,0,0,0,0,0,0,0,0,0,0,0,0,0,0,710,160,789,630,0,0,0,0
GHCND:USW00003759,CHARLOTTESVILLE 2 SSE VA US,20100906,0,0,0,0,0,0,0,0,0,0,0,0,0,0,0,0,0,0,0,0,0,0,0,0,0,0,707,159,787,627,0,0,0,0
GHCND:USW00003759,CHARLOTTESVILLE 2 SSE VA US,20100907,0,0,0,0,0,0,0,0,0,0,0,0,0,0,0,0,0,0,0,0,0,0,0,0,0,0,704,159,784,625,0,0,0,0
GHCND:USW00003759,CHARLOTTESVILLE 2 SSE VA US,20100908,0,0,0,0,0,0,0,0,0,0,0,0,0,0,0,0,0,0,0,0,0,0,0,0,0,0,702,159,781,622,0,0,0,0
GHCND:USW00003759,CHARLOTTESVILLE 2 SSE VA US,20100909,0,0,0,0,0,0,0,0,0,0,0,0,0,0,0,0,0,0,0,0,0,0,0,0,0,0,699,160,779,619,0,0,0,0
GHCND:USW00003759,CHARLOTTESVILLE 2 SSE VA US,20100910,0,0,0,0,0,0,0,0,0,0,0,0,0,0,0,0,0,0,0,0,0,0,0,0,0,0,696,160,776,616,0,0,0,0
GHCND:USW00003759,CHARLOTTESVILLE 2 SSE VA US,20100911,0,0,0,0,0,0,0,0,0,0,0,0,0,0,0,0,0,0,0,0,0,0,0,0,0,0,693,160,773,613,0,0,0,0
GHCND:USW00003759,CHARLOTTESVILLE 2 SSE VA US,20100912,0,0,0,0,0,0,0,0,0,0,0,0,0,0,0,0,0,0,0,0,0,0,0,0,0,0,690,160,770,610,0,0,0,0
GHCND:USW00003759,CHARLOTTESVILLE 2 SSE VA US,20100913,0,0,0,0,0,0,0,0,0,0,0,0,0,0,0,0,0,0,0,0,0,0,0,0,0,0,687,161,768,607,0,0,0,0
GHCND:USW00003759,CHARLOTTESVILLE 2 SSE VA US,20100914,0,0,0,0,0,0,0,0,0,0,0,0,0,0,0,0,0,0,0,0,0,0,0,0,0,0,684,161,765,604,0,0,0,0
GHCND:USW00003759,CHARLOTTESVILLE 2 SSE VA US,20100915,0,0,0,0,0,0,0,0,0,0,0,0,0,0,0,0,0,0,0,0,0,0,0,0,0,0,681,161,762,601,0,0,0,0
GHCND:USW00003759,CHARLOTTESVILLE 2 SSE VA US,20100916,0,0,0,0,0,0,0,0,0,0,0,0,0,0,0,0,0,0,0,0,0,0,0,0,0,0,678,162,759,597,0,0,0,0
GHCND:USW00003759,CHARLOTTESVILLE 2 SSE VA US,20100917,0,0,0,0,0,0,0,0,0,0,0,0,0,0,0,0,0,0,0,0,0,0,0,0,0,0,675,162,756,594,0,0,0,0
GHCND:USW00003759,CHARLOTTESVILLE 2 SSE VA US,20100918,0,0,0,0,0,0,0,0,0,0,0,0,0,0,0,0,0,0,0,0,0,0,0,0,0,0,672,163,753,591,0,0,0,0
GHCND:USW00003759,CHARLOTTESVILLE 2 SSE VA US,20100919,0,0,0,0,0,0,0,0,0,0,0,0,0,0,0,0,0,0,0,0,0,0,0,0,0,0,669,163,751,587,0,0,0,0
GHCND:USW00003759,CHARLOTTESVILLE 2 SSE VA US,20100920,0,0,0,0,0,0,0,0,0,0,0,0,0,0,0,0,0,0,0,0,0,0,0,0,0,0,666,164,748,584,0,0,0,0
GHCND:USW00003759,CHARLOTTESVILLE 2 SSE VA US,20100921,0,0,0,0,0,0,0,0,0,0,0,0,0,0,0,0,0,0,0,0,0,0,0,0,0,0,662,165,745,580,0,0,0,0
GHCND:USW00003759,CHARLOTTESVILLE 2 SSE VA US,20100922,0,0,0,0,0,0,0,0,0,0,0,0,0,0,0,0,0,0,0,0,0,0,0,0,0,0,659,165,742,577,0,0,0,0
GHCND:USW00003759,CHARLOTTESVILLE 2 SSE VA US,20100923,0,0,0,0,0,0,0,0,0,0,0,0,0,0,0,0,0,0,0,0,0,0,0,0,0,0,656,166,739,573,0,0,0,0
GHCND:USW00003759,CHARLOTTESVILLE 2 SSE VA US,20100924,0,0,0,0,0,0,0,0,0,0,0,0,0,0,0,0,0,0,0,0,0,0,0,0,0,0,653,167,736,569,0,0,0,0
GHCND:USW00003759,CHARLOTTESVILLE 2 SSE VA US,20100925,0,0,0,0,0,0,0,0,0,0,0,0,0,0,0,0,0,0,0,0,0,0,0,0,0,0,649,167,733,566,0,0,0,0
GHCND:USW00003759,CHARLOTTESVILLE 2 SSE VA US,20100926,0,0,0,0,0,0,0,0,0,0,0,0,0,0,0,0,0,0,0,0,0,0,0,0,0,0,646,168,730,562,0,0,0,0
GHCND:USW00003759,CHARLOTTESVILLE 2 SSE VA US,20100927,0,0,0,0,0,0,0,0,0,0,0,0,0,0,0,0,0,0,0,0,0,0,0,0,0,0,643,168,727,559,0,0,0,0
GHCND:USW00003759,CHARLOTTESVILLE 2 SSE VA US,20100928,0,0,0,0,0,0,0,0,0,0,0,0,0,0,0,0,0,0,0,0,0,0,0,0,0,0,639,169,724,555,0,0,0,0
GHCND:USW00003759,CHARLOTTESVILLE 2 SSE VA US,20100929,0,0,0,0,0,0,0,0,0,0,0,0,0,0,0,0,0,0,0,0,0,0,0,0,0,0,636,170,721,551,0,0,0,0
GHCND:USW00003759,CHARLOTTESVILLE 2 SSE VA US,20100930,0,0,0,0,0,0,0,0,0,0,0,0,0,0,0,0,0,0,0,0,0,0,0,0,0,0,633,170,718,548,0,0,0,0
GHCND:USW00003759,CHARLOTTESVILLE 2 SSE VA US,20101001,0,0,0,0,0,0,0,0,0,0,0,0,0,0,0,0,0,0,0,0,0,0,0,0,0,0,629,171,715,544,0,0,0,0
GHCND:USW00003759,CHARLOTTESVILLE 2 SSE VA US,20101002,0,0,0,0,0,0,0,0,0,0,0,0,0,0,0,0,0,0,0,0,0,0,0,0,0,0,626,171,711,540,0,0,0,0
GHCND:USW00003759,CHARLOTTESVILLE 2 SSE VA US,20101003,0,0,0,0,0,0,0,0,0,0,0,0,0,0,0,0,0,0,0,0,0,0,0,0,0,0,623,171,708,537,0,0,0,0
GHCND:USW00003759,CHARLOTTESVILLE 2 SSE VA US,20101004,0,0,0,0,0,0,0,0,0,0,0,0,0,0,0,0,0,0,0,0,0,0,0,0,0,0,619,172,705,533,0,0,0,0
GHCND:USW00003759,CHARLOTTESVILLE 2 SSE VA US,20101005,0,0,0,0,0,0,0,0,0,0,0,0,0,0,0,0,0,0,0,0,0,0,0,0,0,0,616,172,702,530,0,0,0,0
GHCND:USW00003759,CHARLOTTESVILLE 2 SSE VA US,20101006,0,0,0,0,0,0,0,0,0,0,0,0,0,0,0,0,0,0,0,0,0,0,0,0,0,0,612,172,698,526,0,0,0,0
GHCND:USW00003759,CHARLOTTESVILLE 2 SSE VA US,20101007,0,0,0,0,0,0,0,0,0,0,0,0,0,0,0,0,0,0,0,0,0,0,0,0,0,0,609,173,695,523,0,0,0,0
GHCND:USW00003759,CHARLOTTESVILLE 2 SSE VA US,20101008,0,0,0,0,0,0,0,0,0,0,0,0,0,0,0,0,0,0,0,0,0,0,0,0,0,0,605,173,692,519,0,0,0,0
GHCND:USW00003759,CHARLOTTESVILLE 2 SSE VA US,20101009,0,0,0,0,0,0,0,0,0,0,0,0,0,0,0,0,0,0,0,0,0,0,0,0,0,0,602,173,688,516,0,0,0,0
GHCND:USW00003759,CHARLOTTESVILLE 2 SSE VA US,20101010,0,0,0,0,0,0,0,0,0,0,0,0,0,0,0,0,0,0,0,0,0,0,0,0,0,0,599,173,685,512,0,0,0,0
GHCND:USW00003759,CHARLOTTESVILLE 2 SSE VA US,20101011,0,0,0,0,0,0,0,0,0,0,0,0,0,0,0,0,0,0,0,0,0,0,0,0,0,0,595,173,682,509,0,0,0,0
GHCND:USW00003759,CHARLOTTESVILLE 2 SSE VA US,20101012,0,0,0,0,0,0,0,0,0,0,0,0,0,0,0,0,0,0,0,0,0,0,0,0,0,0,592,173,678,505,0,0,0,0
GHCND:USW00003759,CHARLOTTESVILLE 2 SSE VA US,20101013,0,0,0,0,0,0,0,0,0,0,0,0,0,0,0,0,0,0,0,0,0,0,0,0,0,0,588,173,675,502,0,0,0,0
GHCND:USW00003759,CHARLOTTESVILLE 2 SSE VA US,20101014,0,0,0,0,0,0,0,0,0,0,0,0,0,0,0,0,0,0,0,0,0,0,0,0,0,0,585,173,671,499,0,0,0,0
GHCND:USW00003759,CHARLOTTESVILLE 2 SSE VA US,20101015,0,0,0,0,0,0,0,0,0,0,0,0,0,0,0,0,0,0,0,0,0,0,0,0,0,0,582,172,668,495,0,0,0,0
GHCND:USW00003759,CHARLOTTESVILLE 2 SSE VA US,20101016,0,0,0,0,0,0,0,0,0,0,0,0,0,0,0,0,0,0,0,0,0,0,0,0,0,0,578,172,664,492,0,0,0,0
GHCND:USW00003759,CHARLOTTESVILLE 2 SSE VA US,20101017,0,0,0,0,0,0,0,0,0,0,0,0,0,0,0,0,0,0,0,0,0,0,0,0,0,0,575,172,661,489,0,0,0,0
GHCND:USW00003759,CHARLOTTESVILLE 2 SSE VA US,20101018,0,0,0,0,0,0,0,0,0,0,0,0,0,0,0,0,0,0,0,0,0,0,0,0,0,0,572,172,657,486,0,0,0,0
GHCND:USW00003759,CHARLOTTESVILLE 2 SSE VA US,20101019,0,0,0,0,0,0,0,0,0,0,0,0,0,0,0,0,0,0,0,0,0,0,0,0,0,0,568,171,654,482,0,0,0,0
GHCND:USW00003759,CHARLOTTESVILLE 2 SSE VA US,20101020,0,0,0,0,0,0,0,0,0,0,0,0,0,0,0,0,0,0,0,0,0,0,0,0,0,0,565,171,650,479,0,0,0,0
GHCND:USW00003759,CHARLOTTESVILLE 2 SSE VA US,20101021,0,0,0,0,0,0,0,0,0,0,0,0,0,0,0,0,0,0,0,0,0,0,0,0,0,0,562,171,647,476,0,0,0,0
GHCND:USW00003759,CHARLOTTESVILLE 2 SSE VA US,20101022,0,0,0,0,0,0,0,0,0,0,0,0,0,0,0,0,0,0,0,0,0,0,0,0,0,0,558,170,643,473,0,0,0,0
GHCND:USW00003759,CHARLOTTESVILLE 2 SSE VA US,20101023,0,0,0,0,0,0,0,0,0,0,0,0,0,0,0,0,0,0,0,0,0,0,0,0,0,0,555,170,640,470,0,0,0,0
GHCND:USW00003759,CHARLOTTESVILLE 2 SSE VA US,20101024,0,0,0,0,0,0,0,0,0,0,0,0,0,0,0,0,0,0,0,0,0,0,0,0,0,0,551,170,636,467,0,0,0,0
GHCND:USW00003759,CHARLOTTESVILLE 2 SSE VA US,20101025,0,0,0,0,0,0,0,0,0,0,0,0,0,0,0,0,0,0,0,0,0,0,0,0,0,0,548,169,633,464,0,0,0,0
GHCND:USW00003759,CHARLOTTESVILLE 2 SSE VA US,20101026,0,0,0,0,0,0,0,0,0,0,0,0,0,0,0,0,0,0,0,0,0,0,0,0,0,0,545,169,629,460,0,0,0,0
GHCND:USW00003759,CHARLOTTESVILLE 2 SSE VA US,20101027,0,0,0,0,0,0,0,0,0,0,0,0,0,0,0,0,0,0,0,0,0,0,0,0,0,0,542,169,626,457,0,0,0,0
GHCND:USW00003759,CHARLOTTESVILLE 2 SSE VA US,20101028,0,0,0,0,0,0,0,0,0,0,0,0,0,0,0,0,0,0,0,0,0,0,0,0,0,0,538,168,622,454,0,0,0,0
GHCND:USW00003759,CHARLOTTESVILLE 2 SSE VA US,20101029,0,0,0,0,0,0,0,0,0,0,0,0,0,0,0,0,0,0,0,0,0,0,0,0,0,0,535,168,619,451,0,0,0,0
GHCND:USW00003759,CHARLOTTESVILLE 2 SSE VA US,20101030,0,0,0,0,0,0,0,0,0,0,0,0,0,0,0,0,0,0,0,0,0,0,0,0,0,0,532,168,615,448,0,0,0,0
GHCND:USW00003759,CHARLOTTESVILLE 2 SSE VA US,20101031,0,0,0,0,0,0,0,0,0,0,0,0,0,0,0,0,0,0,0,0,0,0,0,0,0,0,528,167,612,445,0,0,0,0
GHCND:USW00003759,CHARLOTTESVILLE 2 SSE VA US,20101101,0,0,0,0,0,0,0,0,0,0,0,0,0,0,0,0,0,0,0,0,0,0,0,0,0,0,525,167,609,441,0,0,0,0
GHCND:USW00003759,CHARLOTTESVILLE 2 SSE VA US,20101102,0,0,0,0,0,0,0,0,0,0,0,0,0,0,0,0,0,0,0,0,0,0,0,0,0,0,522,167,605,438,0,0,0,0
GHCND:USW00003759,CHARLOTTESVILLE 2 SSE VA US,20101103,0,0,0,0,0,0,0,0,0,0,0,0,0,0,0,0,0,0,0,0,0,0,0,0,0,0,518,167,602,435,0,0,0,0
GHCND:USW00003759,CHARLOTTESVILLE 2 SSE VA US,20101104,0,0,0,0,0,0,0,0,0,0,0,0,0,0,0,0,0,0,0,0,0,0,0,0,0,0,515,167,598,432,0,0,0,0
GHCND:USW00003759,CHARLOTTESVILLE 2 SSE VA US,20101105,0,0,0,0,0,0,0,0,0,0,0,0,0,0,0,0,0,0,0,0,0,0,0,0,0,0,512,167,595,428,0,0,0,0
GHCND:USW00003759,CHARLOTTESVILLE 2 SSE VA US,20101106,0,0,0,0,0,0,0,0,0,0,0,0,0,0,0,0,0,0,0,0,0,0,0,0,0,0,508,167,592,425,0,0,0,0
GHCND:USW00003759,CHARLOTTESVILLE 2 SSE VA US,20101107,0,0,0,0,0,0,0,0,0,0,0,0,0,0,0,0,0,0,0,0,0,0,0,0,0,0,505,167,588,422,0,0,0,0
GHCND:USW00003759,CHARLOTTESVILLE 2 SSE VA US,20101108,0,0,0,0,0,0,0,0,0,0,0,0,0,0,0,0,0,0,0,0,0,0,0,0,0,0,502,167,585,418,0,0,0,0
GHCND:USW00003759,CHARLOTTESVILLE 2 SSE VA US,20101109,0,0,0,0,0,0,0,0,0,0,0,0,0,0,0,0,0,0,0,0,0,0,0,0,0,0,498,167,582,415,0,0,0,0
GHCND:USW00003759,CHARLOTTESVILLE 2 SSE VA US,20101110,0,0,0,0,0,0,0,0,0,0,0,0,0,0,0,0,0,0,0,0,0,0,0,0,0,0,495,167,578,411,0,0,0,0
GHCND:USW00003759,CHARLOTTESVILLE 2 SSE VA US,20101111,0,0,0,0,0,0,0,0,0,0,0,0,0,0,0,0,0,0,0,0,0,0,0,0,0,0,492,167,575,408,0,0,0,0
GHCND:USW00003759,CHARLOTTESVILLE 2 SSE VA US,20101112,0,0,0,0,0,0,0,0,0,0,0,0,0,0,0,0,0,0,0,0,0,0,0,0,0,0,488,168,572,404,0,0,0,0
GHCND:USW00003759,CHARLOTTESVILLE 2 SSE VA US,20101113,0,0,0,0,0,0,0,0,0,0,0,0,0,0,0,0,0,0,0,0,0,0,0,0,0,0,485,168,569,401,0,0,0,0
GHCND:USW00003759,CHARLOTTESVILLE 2 SSE VA US,20101114,0,0,0,0,0,0,0,0,0,0,0,0,0,0,0,0,0,0,0,0,0,0,0,0,0,0,481,168,566,397,0,0,0,0
GHCND:USW00003759,CHARLOTTESVILLE 2 SSE VA US,20101115,0,0,0,0,0,0,0,0,0,0,0,0,0,0,0,0,0,0,0,0,0,0,0,0,0,0,478,169,562,394,0,0,0,0
GHCND:USW00003759,CHARLOTTESVILLE 2 SSE VA US,20101116,0,0,0,0,0,0,0,0,0,0,0,0,0,0,0,0,0,0,0,0,0,0,0,0,0,0,475,169,559,390,0,0,0,0
GHCND:USW00003759,CHARLOTTESVILLE 2 SSE VA US,20101117,0,0,0,0,0,0,0,0,0,0,0,0,0,0,0,0,0,0,0,0,0,0,0,0,0,0,471,170,556,386,0,0,0,0
GHCND:USW00003759,CHARLOTTESVILLE 2 SSE VA US,20101118,0,0,0,0,0,0,0,0,0,0,0,0,0,0,0,0,0,0,0,0,0,0,0,0,0,0,468,170,553,383,0,0,0,0
GHCND:USW00003759,CHARLOTTESVILLE 2 SSE VA US,20101119,0,0,0,0,0,0,0,0,0,0,0,0,0,0,0,0,0,0,0,0,0,0,0,0,0,0,464,171,550,379,0,0,0,0
GHCND:USW00003759,CHARLOTTESVILLE 2 SSE VA US,20101120,0,0,0,0,0,0,0,0,0,0,0,0,0,0,0,0,0,0,0,0,0,0,0,0,0,0,461,171,546,375,0,0,0,0
GHCND:USW00003759,CHARLOTTESVILLE 2 SSE VA US,20101121,0,0,0,0,0,0,0,0,0,0,0,0,0,0,0,0,0,0,0,0,0,0,0,0,0,0,457,172,543,372,0,0,0,0
GHCND:USW00003759,CHARLOTTESVILLE 2 SSE VA US,20101122,0,0,0,0,0,0,0,0,0,0,0,0,0,0,0,0,0,0,0,0,0,0,0,0,0,0,454,172,540,368,0,0,0,0
GHCND:USW00003759,CHARLOTTESVILLE 2 SSE VA US,20101123,0,0,0,0,0,0,0,0,0,0,0,0,0,0,0,0,0,0,0,0,0,0,0,0,0,0,450,173,537,364,0,0,0,0
GHCND:USW00003759,CHARLOTTESVILLE 2 SSE VA US,20101124,0,0,0,0,0,0,0,0,0,0,0,0,0,0,0,0,0,0,0,0,0,0,0,0,0,0,447,173,534,360,0,0,0,0
GHCND:USW00003759,CHARLOTTESVILLE 2 SSE VA US,20101125,0,0,0,0,0,0,0,0,0,0,0,0,0,0,0,0,0,0,0,0,0,0,0,0,0,0,444,174,530,357,0,0,0,0
GHCND:USW00003759,CHARLOTTESVILLE 2 SSE VA US,20101126,0,0,0,0,0,0,0,0,0,0,0,0,0,0,0,0,0,0,0,0,0,0,0,0,0,0,440,175,527,353,0,0,0,0
GHCND:USW00003759,CHARLOTTESVILLE 2 SSE VA US,20101127,0,0,0,0,0,0,0,0,0,0,0,0,0,0,0,0,0,0,0,0,0,0,0,0,0,0,437,175,524,349,0,0,0,0
GHCND:USW00003759,CHARLOTTESVILLE 2 SSE VA US,20101128,0,0,0,0,0,0,0,0,0,0,0,0,0,0,0,0,0,0,0,0,0,0,0,0,0,0,433,176,521,345,0,0,0,0
GHCND:USW00003759,CHARLOTTESVILLE 2 SSE VA US,20101129,0,0,0,0,0,0,0,0,0,0,0,0,0,0,0,0,0,0,0,0,0,0,0,0,0,0,430,176,518,342,0,0,0,0
GHCND:USW00003759,CHARLOTTESVILLE 2 SSE VA US,20101130,0,0,0,0,0,0,0,0,0,0,0,0,0,0,0,0,0,0,0,0,0,0,0,0,0,0,426,177,514,338,0,0,0,0
GHCND:USW00003759,CHARLOTTESVILLE 2 SSE VA US,20101201,0,0,0,0,0,0,0,0,0,0,0,0,0,0,0,0,0,0,0,0,0,0,0,0,0,0,423,177,511,334,0,0,0,0
GHCND:USW00003759,CHARLOTTESVILLE 2 SSE VA US,20101202,0,0,0,0,0,0,0,0,0,0,0,0,0,0,0,0,0,0,0,0,0,0,0,0,0,0,419,177,508,330,0,0,0,0
GHCND:USW00003759,CHARLOTTESVILLE 2 SSE VA US,20101203,0,0,0,0,0,0,0,0,0,0,0,0,0,0,0,0,0,0,0,0,0,0,0,0,0,0,416,178,505,327,0,0,0,0
GHCND:USW00003759,CHARLOTTESVILLE 2 SSE VA US,20101204,0,0,0,0,0,0,0,0,0,0,0,0,0,0,0,0,0,0,0,0,0,0,0,0,0,0,412,178,501,323,0,0,0,0
GHCND:USW00003759,CHARLOTTESVILLE 2 SSE VA US,20101205,0,0,0,0,0,0,0,0,0,0,0,0,0,0,0,0,0,0,0,0,0,0,0,0,0,0,409,178,498,320,0,0,0,0
GHCND:USW00003759,CHARLOTTESVILLE 2 SSE VA US,20101206,0,0,0,0,0,0,0,0,0,0,0,0,0,0,0,0,0,0,0,0,0,0,0,0,0,0,406,178,495,316,0,0,0,0
GHCND:USW00003759,CHARLOTTESVILLE 2 SSE VA US,20101207,0,0,0,0,0,0,0,0,0,0,0,0,0,0,0,0,0,0,0,0,0,0,0,0,0,0,402,179,492,313,0,0,0,0
GHCND:USW00003759,CHARLOTTESVILLE 2 SSE VA US,20101208,0,0,0,0,0,0,0,0,0,0,0,0,0,0,0,0,0,0,0,0,0,0,0,0,0,0,399,179,488,310,0,0,0,0
GHCND:USW00003759,CHARLOTTESVILLE 2 SSE VA US,20101209,0,0,0,0,0,0,0,0,0,0,0,0,0,0,0,0,0,0,0,0,0,0,0,0,0,0,396,179,485,306,0,0,0,0
GHCND:USW00003759,CHARLOTTESVILLE 2 SSE VA US,20101210,0,0,0,0,0,0,0,0,0,0,0,0,0,0,0,0,0,0,0,0,0,0,0,0,0,0,393,179,482,303,0,0,0,0
GHCND:USW00003759,CHARLOTTESVILLE 2 SSE VA US,20101211,0,0,0,0,0,0,0,0,0,0,0,0,0,0,0,0,0,0,0,0,0,0,0,0,0,0,389,178,479,300,0,0,0,0
GHCND:USW00003759,CHARLOTTESVILLE 2 SSE VA US,20101212,0,0,0,0,0,0,0,0,0,0,0,0,0,0,0,0,0,0,0,0,0,0,0,0,0,0,386,178,475,297,0,0,0,0
GHCND:USW00003759,CHARLOTTESVILLE 2 SSE VA US,20101213,0,0,0,0,0,0,0,0,0,0,0,0,0,0,0,0,0,0,0,0,0,0,0,0,0,0,383,178,472,294,0,0,0,0
GHCND:USW00003759,CHARLOTTESVILLE 2 SSE VA US,20101214,0,0,0,0,0,0,0,0,0,0,0,0,0,0,0,0,0,0,0,0,0,0,0,0,0,0,380,178,469,291,0,0,0,0
GHCND:USW00003759,CHARLOTTESVILLE 2 SSE VA US,20101215,0,0,0,0,0,0,0,0,0,0,0,0,0,0,0,0,0,0,0,0,0,0,0,0,0,0,377,177,466,289,0,0,0,0
GHCND:USW00003759,CHARLOTTESVILLE 2 SSE VA US,20101216,0,0,0,0,0,0,0,0,0,0,0,0,0,0,0,0,0,0,0,0,0,0,0,0,0,0,374,177,463,286,0,0,0,0
GHCND:USW00003759,CHARLOTTESVILLE 2 SSE VA US,20101217,0,0,0,0,0,0,0,0,0,0,0,0,0,0,0,0,0,0,0,0,0,0,0,0,0,0,372,176,460,283,0,0,0,0
GHCND:USW00003759,CHARLOTTESVILLE 2 SSE VA US,20101218,0,0,0,0,0,0,0,0,0,0,0,0,0,0,0,0,0,0,0,0,0,0,0,0,0,0,369,176,457,281,0,0,0,0
GHCND:USW00003759,CHARLOTTESVILLE 2 SSE VA US,20101219,0,0,0,0,0,0,0,0,0,0,0,0,0,0,0,0,0,0,0,0,0,0,0,0,0,0,366,175,454,279,0,0,0,0
GHCND:USW00003759,CHARLOTTESVILLE 2 SSE VA US,20101220,0,0,0,0,0,0,0,0,0,0,0,0,0,0,0,0,0,0,0,0,0,0,0,0,0,0,364,175,451,277,0,0,0,0
GHCND:USW00003759,CHARLOTTESVILLE 2 SSE VA US,20101221,0,0,0,0,0,0,0,0,0,0,0,0,0,0,0,0,0,0,0,0,0,0,0,0,0,0,362,174,449,274,0,0,0,0
GHCND:USW00003759,CHARLOTTESVILLE 2 SSE VA US,20101222,0,0,0,0,0,0,0,0,0,0,0,0,0,0,0,0,0,0,0,0,0,0,0,0,0,0,359,173,446,272,0,0,0,0
GHCND:USW00003759,CHARLOTTESVILLE 2 SSE VA US,20101223,0,0,0,0,0,0,0,0,0,0,0,0,0,0,0,0,0,0,0,0,0,0,0,0,0,0,357,173,443,271,0,0,0,0
GHCND:USW00003759,CHARLOTTESVILLE 2 SSE VA US,20101224,0,0,0,0,0,0,0,0,0,0,0,0,0,0,0,0,0,0,0,0,0,0,0,0,0,0,355,172,441,269,0,0,0,0
GHCND:USW00003759,CHARLOTTESVILLE 2 SSE VA US,20101225,0,0,0,0,0,0,0,0,0,0,0,0,0,0,0,0,0,0,0,0,0,0,0,0,0,0,353,171,438,267,0,0,0,0
GHCND:USW00003759,CHARLOTTESVILLE 2 SSE VA US,20101226,0,0,0,0,0,0,0,0,0,0,0,0,0,0,0,0,0,0,0,0,0,0,0,0,0,0,351,170,436,266,0,0,0,0
GHCND:USW00003759,CHARLOTTESVILLE 2 SSE VA US,20101227,0,0,0,0,0,0,0,0,0,0,0,0,0,0,0,0,0,0,0,0,0,0,0,0,0,0,349,170,434,264,0,0,0,0
GHCND:USW00003759,CHARLOTTESVILLE 2 SSE VA US,20101228,0,0,0,0,0,0,0,0,0,0,0,0,0,0,0,0,0,0,0,0,0,0,0,0,0,0,347,169,432,263,0,0,0,0
GHCND:USW00003759,CHARLOTTESVILLE 2 SSE VA US,20101229,0,0,0,0,0,0,0,0,0,0,0,0,0,0,0,0,0,0,0,0,0,0,0,0,0,0,346,168,430,262,0,0,0,0
GHCND:USW00003759,CHARLOTTESVILLE 2 SSE VA US,20101230,0,0,0,0,0,0,0,0,0,0,0,0,0,0,0,0,0,0,0,0,0,0,0,0,0,0,344,167,428,261,0,0,0,0
GHCND:USW00003759,CHARLOTTESVILLE 2 SSE VA US,20101231,0,0,0,0,0,0,0,0,0,0,0,0,0,0,0,0,0,0,0,0,0,0,0,0,0,0,343,167,426,260,0,0,0,0
