STATION,STATION_NAME,DATE,MTD-PRCP-NORMAL,YTD-PRCP-NORMAL,*,*,*,*,*,*,*,*,*,*,*,*,*,*,*,*,*,*,*,*,*,*,*,*,DLY-TAVG-NORMAL,DLY-DUTR-NORMAL,DLY-TMAX-NORMAL,DLY-TMIN-NORMAL,*,*,*,*
GHCND:USC00473268,GREEN BAY WEATHER FORECAST OFFICE WI US,20100101,5,5,0,0,0,0,0,0,0,0,0,0,0,0,0,0,0,0,0,0,0,0,0,0,0,0,176,153,253,99,0,0,0,0
GHCND:USC00473268,GREEN BAY WEATHER FORECAST OFFICE WI US,20100102,11,11,0,0,0,0,0,0,0,0,0,0,0,0,0,0,0,0,0,0,0,0,0,0,0,0,175,154,252,97,0,0,0,0
GHCND:USC00473268,GREEN BAY WEATHER FORECAST OFFICE WI US,20100103,16,16,0,0,0,0,0,0,0,0,0,0,0,0,0,0,0,0,0,0,0,0,0,0,0,0,173,155,251,95,0,0,0,0
GHCND:USC00473268,GREEN BAY WEATHER FORECAST OFFICE WI US,20100104,22,22,0,0,0,0,0,0,0,0,0,0,0,0,0,0,0,0,0,0,0,0,0,0,0,0,172,157,250,93,0,0,0,0
GHCND:USC00473268,GREEN BAY WEATHER FORECAST OFFICE WI US,20100105,27,27,0,0,0,0,0,0,0,0,0,0,0,0,0,0,0,0,0,0,0,0,0,0,0,0,170,158,249,92,0,0,0,0
GHCND:USC00473268,GREEN BAY WEATHER FORECAST OFFICE WI US,20100106,31,31,0,0,0,0,0,0,0,0,0,0,0,0,0,0,0,0,0,0,0,0,0,0,0,0,169,159,249,90,0,0,0,0
GHCND:USC00473268,GREEN BAY WEATHER FORECAST OFFICE WI US,20100107,35,35,0,0,0,0,0,0,0,0,0,0,0,0,0,0,0,0,0,0,0,0,0,0,0,0,168,160,248,88,0,0,0,0
GHCND:USC00473268,GREEN BAY WEATHER FORECAST OFFICE WI US,20100108,40,40,0,0,0,0,0,0,0,0,0,0,0,0,0,0,0,0,0,0,0,0,0,0,0,0,167,161,248,87,0,0,0,0
GHCND:USC00473268,GREEN BAY WEATHER FORECAST OFFICE WI US,20100109,44,44,0,0,0,0,0,0,0,0,0,0,0,0,0,0,0,0,0,0,0,0,0,0,0,0,166,162,247,85,0,0,0,0
GHCND:USC00473268,GREEN BAY WEATHER FORECAST OFFICE WI US,20100110,48,48,0,0,0,0,0,0,0,0,0,0,0,0,0,0,0,0,0,0,0,0,0,0,0,0,166,163,247,84,0,0,0,0
GHCND:USC00473268,GREEN BAY WEATHER FORECAST OFFICE WI US,20100111,52,52,0,0,0,0,0,0,0,0,0,0,0,0,0,0,0,0,0,0,0,0,0,0,0,0,165,164,247,83,0,0,0,0
GHCND:USC00473268,GREEN BAY WEATHER FORECAST OFFICE WI US,20100112,55,55,0,0,0,0,0,0,0,0,0,0,0,0,0,0,0,0,0,0,0,0,0,0,0,0,164,166,247,81,0,0,0,0
GHCND:USC00473268,GREEN BAY WEATHER FORECAST OFFICE WI US,20100113,59,59,0,0,0,0,0,0,0,0,0,0,0,0,0,0,0,0,0,0,0,0,0,0,0,0,164,167,247,80,0,0,0,0
GHCND:USC00473268,GREEN BAY WEATHER FORECAST OFFICE WI US,20100114,62,62,0,0,0,0,0,0,0,0,0,0,0,0,0,0,0,0,0,0,0,0,0,0,0,0,163,168,247,80,0,0,0,0
GHCND:USC00473268,GREEN BAY WEATHER FORECAST OFFICE WI US,20100115,66,66,0,0,0,0,0,0,0,0,0,0,0,0,0,0,0,0,0,0,0,0,0,0,0,0,163,169,247,79,0,0,0,0
GHCND:USC00473268,GREEN BAY WEATHER FORECAST OFFICE WI US,20100116,69,69,0,0,0,0,0,0,0,0,0,0,0,0,0,0,0,0,0,0,0,0,0,0,0,0,163,170,248,78,0,0,0,0
GHCND:USC00473268,GREEN BAY WEATHER FORECAST OFFICE WI US,20100117,73,73,0,0,0,0,0,0,0,0,0,0,0,0,0,0,0,0,0,0,0,0,0,0,0,0,163,171,248,77,0,0,0,0
GHCND:USC00473268,GREEN BAY WEATHER FORECAST OFFICE WI US,20100118,76,76,0,0,0,0,0,0,0,0,0,0,0,0,0,0,0,0,0,0,0,0,0,0,0,0,163,171,249,77,0,0,0,0
GHCND:USC00473268,GREEN BAY WEATHER FORECAST OFFICE WI US,20100119,79,79,0,0,0,0,0,0,0,0,0,0,0,0,0,0,0,0,0,0,0,0,0,0,0,0,163,172,249,77,0,0,0,0
GHCND:USC00473268,GREEN BAY WEATHER FORECAST OFFICE WI US,20100120,82,82,0,0,0,0,0,0,0,0,0,0,0,0,0,0,0,0,0,0,0,0,0,0,0,0,163,173,250,77,0,0,0,0
GHCND:USC00473268,GREEN BAY WEATHER FORECAST OFFICE WI US,20100121,86,86,0,0,0,0,0,0,0,0,0,0,0,0,0,0,0,0,0,0,0,0,0,0,0,0,163,174,250,77,0,0,0,0
GHCND:USC00473268,GREEN BAY WEATHER FORECAST OFFICE WI US,20100122,89,89,0,0,0,0,0,0,0,0,0,0,0,0,0,0,0,0,0,0,0,0,0,0,0,0,164,174,251,77,0,0,0,0
GHCND:USC00473268,GREEN BAY WEATHER FORECAST OFFICE WI US,20100123,92,92,0,0,0,0,0,0,0,0,0,0,0,0,0,0,0,0,0,0,0,0,0,0,0,0,164,175,252,77,0,0,0,0
GHCND:USC00473268,GREEN BAY WEATHER FORECAST OFFICE WI US,20100124,94,94,0,0,0,0,0,0,0,0,0,0,0,0,0,0,0,0,0,0,0,0,0,0,0,0,165,176,253,77,0,0,0,0
GHCND:USC00473268,GREEN BAY WEATHER FORECAST OFFICE WI US,20100125,97,97,0,0,0,0,0,0,0,0,0,0,0,0,0,0,0,0,0,0,0,0,0,0,0,0,166,176,254,78,0,0,0,0
GHCND:USC00473268,GREEN BAY WEATHER FORECAST OFFICE WI US,20100126,100,100,0,0,0,0,0,0,0,0,0,0,0,0,0,0,0,0,0,0,0,0,0,0,0,0,167,176,255,78,0,0,0,0
GHCND:USC00473268,GREEN BAY WEATHER FORECAST OFFICE WI US,20100127,103,103,0,0,0,0,0,0,0,0,0,0,0,0,0,0,0,0,0,0,0,0,0,0,0,0,168,177,256,79,0,0,0,0
GHCND:USC00473268,GREEN BAY WEATHER FORECAST OFFICE WI US,20100128,106,106,0,0,0,0,0,0,0,0,0,0,0,0,0,0,0,0,0,0,0,0,0,0,0,0,169,177,257,80,0,0,0,0
GHCND:USC00473268,GREEN BAY WEATHER FORECAST OFFICE WI US,20100129,109,109,0,0,0,0,0,0,0,0,0,0,0,0,0,0,0,0,0,0,0,0,0,0,0,0,170,177,258,81,0,0,0,0
GHCND:USC00473268,GREEN BAY WEATHER FORECAST OFFICE WI US,20100130,111,111,0,0,0,0,0,0,0,0,0,0,0,0,0,0,0,0,0,0,0,0,0,0,0,0,171,177,260,82,0,0,0,0
GHCND:USC00473268,GREEN BAY WEATHER FORECAST OFFICE WI US,20100131,114,114,0,0,0,0,0,0,0,0,0,0,0,0,0,0,0,0,0,0,0,0,0,0,0,0,172,178,261,84,0,0,0,0
GHCND:USC00473268,GREEN BAY WEATHER FORECAST OFFICE WI US,20100201,3,117,0,0,0,0,0,0,0,0,0,0,0,0,0,0,0,0,0,0,0,0,0,0,0,0,174,178,263,85,0,0,0,0
GHCND:USC00473268,GREEN BAY WEATHER FORECAST OFFICE WI US,20100202,5,119,0,0,0,0,0,0,0,0,0,0,0,0,0,0,0,0,0,0,0,0,0,0,0,0,176,178,264,87,0,0,0,0
GHCND:USC00473268,GREEN BAY WEATHER FORECAST OFFICE WI US,20100203,9,123,0,0,0,0,0,0,0,0,0,0,0,0,0,0,0,0,0,0,0,0,0,0,0,0,177,178,266,89,0,0,0,0
GHCND:USC00473268,GREEN BAY WEATHER FORECAST OFFICE WI US,20100204,12,126,0,0,0,0,0,0,0,0,0,0,0,0,0,0,0,0,0,0,0,0,0,0,0,0,179,177,268,90,0,0,0,0
GHCND:USC00473268,GREEN BAY WEATHER FORECAST OFFICE WI US,20100205,15,129,0,0,0,0,0,0,0,0,0,0,0,0,0,0,0,0,0,0,0,0,0,0,0,0,181,177,270,92,0,0,0,0
GHCND:USC00473268,GREEN BAY WEATHER FORECAST OFFICE WI US,20100206,19,133,0,0,0,0,0,0,0,0,0,0,0,0,0,0,0,0,0,0,0,0,0,0,0,0,183,177,272,94,0,0,0,0
GHCND:USC00473268,GREEN BAY WEATHER FORECAST OFFICE WI US,20100207,22,136,0,0,0,0,0,0,0,0,0,0,0,0,0,0,0,0,0,0,0,0,0,0,0,0,185,177,274,97,0,0,0,0
GHCND:USC00473268,GREEN BAY WEATHER FORECAST OFFICE WI US,20100208,25,139,0,0,0,0,0,0,0,0,0,0,0,0,0,0,0,0,0,0,0,0,0,0,0,0,187,177,276,99,0,0,0,0
GHCND:USC00473268,GREEN BAY WEATHER FORECAST OFFICE WI US,20100209,29,143,0,0,0,0,0,0,0,0,0,0,0,0,0,0,0,0,0,0,0,0,0,0,0,0,190,176,278,101,0,0,0,0
GHCND:USC00473268,GREEN BAY WEATHER FORECAST OFFICE WI US,20100210,32,146,0,0,0,0,0,0,0,0,0,0,0,0,0,0,0,0,0,0,0,0,0,0,0,0,192,176,280,104,0,0,0,0
GHCND:USC00473268,GREEN BAY WEATHER FORECAST OFFICE WI US,20100211,36,150,0,0,0,0,0,0,0,0,0,0,0,0,0,0,0,0,0,0,0,0,0,0,0,0,195,176,282,107,0,0,0,0
GHCND:USC00473268,GREEN BAY WEATHER FORECAST OFFICE WI US,20100212,40,154,0,0,0,0,0,0,0,0,0,0,0,0,0,0,0,0,0,0,0,0,0,0,0,0,197,175,285,109,0,0,0,0
GHCND:USC00473268,GREEN BAY WEATHER FORECAST OFFICE WI US,20100213,44,158,0,0,0,0,0,0,0,0,0,0,0,0,0,0,0,0,0,0,0,0,0,0,0,0,200,175,287,112,0,0,0,0
GHCND:USC00473268,GREEN BAY WEATHER FORECAST OFFICE WI US,20100214,48,162,0,0,0,0,0,0,0,0,0,0,0,0,0,0,0,0,0,0,0,0,0,0,0,0,203,175,290,115,0,0,0,0
GHCND:USC00473268,GREEN BAY WEATHER FORECAST OFFICE WI US,20100215,52,166,0,0,0,0,0,0,0,0,0,0,0,0,0,0,0,0,0,0,0,0,0,0,0,0,205,175,293,118,0,0,0,0
GHCND:USC00473268,GREEN BAY WEATHER FORECAST OFFICE WI US,20100216,56,170,0,0,0,0,0,0,0,0,0,0,0,0,0,0,0,0,0,0,0,0,0,0,0,0,208,174,295,121,0,0,0,0
GHCND:USC00473268,GREEN BAY WEATHER FORECAST OFFICE WI US,20100217,60,174,0,0,0,0,0,0,0,0,0,0,0,0,0,0,0,0,0,0,0,0,0,0,0,0,211,174,298,124,0,0,0,0
GHCND:USC00473268,GREEN BAY WEATHER FORECAST OFFICE WI US,20100218,65,179,0,0,0,0,0,0,0,0,0,0,0,0,0,0,0,0,0,0,0,0,0,0,0,0,214,174,301,127,0,0,0,0
GHCND:USC00473268,GREEN BAY WEATHER FORECAST OFFICE WI US,20100219,69,183,0,0,0,0,0,0,0,0,0,0,0,0,0,0,0,0,0,0,0,0,0,0,0,0,217,174,304,131,0,0,0,0
GHCND:USC00473268,GREEN BAY WEATHER FORECAST OFFICE WI US,20100220,74,188,0,0,0,0,0,0,0,0,0,0,0,0,0,0,0,0,0,0,0,0,0,0,0,0,221,173,307,134,0,0,0,0
GHCND:USC00473268,GREEN BAY WEATHER FORECAST OFFICE WI US,20100221,79,193,0,0,0,0,0,0,0,0,0,0,0,0,0,0,0,0,0,0,0,0,0,0,0,0,224,173,310,137,0,0,0,0
GHCND:USC00473268,GREEN BAY WEATHER FORECAST OFFICE WI US,20100222,83,197,0,0,0,0,0,0,0,0,0,0,0,0,0,0,0,0,0,0,0,0,0,0,0,0,227,173,314,141,0,0,0,0
GHCND:USC00473268,GREEN BAY WEATHER FORECAST OFFICE WI US,20100223,88,202,0,0,0,0,0,0,0,0,0,0,0,0,0,0,0,0,0,0,0,0,0,0,0,0,230,173,317,144,0,0,0,0
GHCND:USC00473268,GREEN BAY WEATHER FORECAST OFFICE WI US,20100224,93,207,0,0,0,0,0,0,0,0,0,0,0,0,0,0,0,0,0,0,0,0,0,0,0,0,234,173,320,147,0,0,0,0
GHCND:USC00473268,GREEN BAY WEATHER FORECAST OFFICE WI US,20100225,98,212,0,0,0,0,0,0,0,0,0,0,0,0,0,0,0,0,0,0,0,0,0,0,0,0,237,173,324,151,0,0,0,0
GHCND:USC00473268,GREEN BAY WEATHER FORECAST OFFICE WI US,20100226,103,217,0,0,0,0,0,0,0,0,0,0,0,0,0,0,0,0,0,0,0,0,0,0,0,0,241,173,327,154,0,0,0,0
GHCND:USC00473268,GREEN BAY WEATHER FORECAST OFFICE WI US,20100227,108,222,0,0,0,0,0,0,0,0,0,0,0,0,0,0,0,0,0,0,0,0,0,0,0,0,245,173,331,158,0,0,0,0
GHCND:USC00473268,GREEN BAY WEATHER FORECAST OFFICE WI US,20100228,113,227,0,0,0,0,0,0,0,0,0,0,0,0,0,0,0,0,0,0,0,0,0,0,0,0,248,173,335,161,0,0,0,0
GHCND:USC00473268,GREEN BAY WEATHER FORECAST OFFICE WI US,20100301,6,233,0,0,0,0,0,0,0,0,0,0,0,0,0,0,0,0,0,0,0,0,0,0,0,0,252,174,339,165,0,0,0,0
GHCND:USC00473268,GREEN BAY WEATHER FORECAST OFFICE WI US,20100302,13,240,0,0,0,0,0,0,0,0,0,0,0,0,0,0,0,0,0,0,0,0,0,0,0,0,256,174,342,169,0,0,0,0
GHCND:USC00473268,GREEN BAY WEATHER FORECAST OFFICE WI US,20100303,19,246,0,0,0,0,0,0,0,0,0,0,0,0,0,0,0,0,0,0,0,0,0,0,0,0,259,174,346,172,0,0,0,0
GHCND:USC00473268,GREEN BAY WEATHER FORECAST OFFICE WI US,20100304,25,252,0,0,0,0,0,0,0,0,0,0,0,0,0,0,0,0,0,0,0,0,0,0,0,0,263,174,350,176,0,0,0,0
GHCND:USC00473268,GREEN BAY WEATHER FORECAST OFFICE WI US,20100305,31,258,0,0,0,0,0,0,0,0,0,0,0,0,0,0,0,0,0,0,0,0,0,0,0,0,267,175,354,180,0,0,0,0
GHCND:USC00473268,GREEN BAY WEATHER FORECAST OFFICE WI US,20100306,37,264,0,0,0,0,0,0,0,0,0,0,0,0,0,0,0,0,0,0,0,0,0,0,0,0,271,175,358,183,0,0,0,0
GHCND:USC00473268,GREEN BAY WEATHER FORECAST OFFICE WI US,20100307,42,269,0,0,0,0,0,0,0,0,0,0,0,0,0,0,0,0,0,0,0,0,0,0,0,0,275,176,362,187,0,0,0,0
GHCND:USC00473268,GREEN BAY WEATHER FORECAST OFFICE WI US,20100308,48,275,0,0,0,0,0,0,0,0,0,0,0,0,0,0,0,0,0,0,0,0,0,0,0,0,279,176,367,191,0,0,0,0
GHCND:USC00473268,GREEN BAY WEATHER FORECAST OFFICE WI US,20100309,54,281,0,0,0,0,0,0,0,0,0,0,0,0,0,0,0,0,0,0,0,0,0,0,0,0,283,176,371,194,0,0,0,0
GHCND:USC00473268,GREEN BAY WEATHER FORECAST OFFICE WI US,20100310,60,287,0,0,0,0,0,0,0,0,0,0,0,0,0,0,0,0,0,0,0,0,0,0,0,0,287,177,375,198,0,0,0,0
GHCND:USC00473268,GREEN BAY WEATHER FORECAST OFFICE WI US,20100311,66,293,0,0,0,0,0,0,0,0,0,0,0,0,0,0,0,0,0,0,0,0,0,0,0,0,291,178,379,202,0,0,0,0
GHCND:USC00473268,GREEN BAY WEATHER FORECAST OFFICE WI US,20100312,72,299,0,0,0,0,0,0,0,0,0,0,0,0,0,0,0,0,0,0,0,0,0,0,0,0,295,178,384,206,0,0,0,0
GHCND:USC00473268,GREEN BAY WEATHER FORECAST OFFICE WI US,20100313,77,304,0,0,0,0,0,0,0,0,0,0,0,0,0,0,0,0,0,0,0,0,0,0,0,0,299,179,388,210,0,0,0,0
GHCND:USC00473268,GREEN BAY WEATHER FORECAST OFFICE WI US,20100314,83,310,0,0,0,0,0,0,0,0,0,0,0,0,0,0,0,0,0,0,0,0,0,0,0,0,303,179,393,213,0,0,0,0
GHCND:USC00473268,GREEN BAY WEATHER FORECAST OFFICE WI US,20100315,88,315,0,0,0,0,0,0,0,0,0,0,0,0,0,0,0,0,0,0,0,0,0,0,0,0,307,180,397,217,0,0,0,0
GHCND:USC00473268,GREEN BAY WEATHER FORECAST OFFICE WI US,20100316,93,320,0,0,0,0,0,0,0,0,0,0,0,0,0,0,0,0,0,0,0,0,0,0,0,0,311,181,402,221,0,0,0,0
GHCND:USC00473268,GREEN BAY WEATHER FORECAST OFFICE WI US,20100317,99,326,0,0,0,0,0,0,0,0,0,0,0,0,0,0,0,0,0,0,0,0,0,0,0,0,316,181,406,225,0,0,0,0
GHCND:USC00473268,GREEN BAY WEATHER FORECAST OFFICE WI US,20100318,105,332,0,0,0,0,0,0,0,0,0,0,0,0,0,0,0,0,0,0,0,0,0,0,0,0,320,182,411,229,0,0,0,0
GHCND:USC00473268,GREEN BAY WEATHER FORECAST OFFICE WI US,20100319,111,338,0,0,0,0,0,0,0,0,0,0,0,0,0,0,0,0,0,0,0,0,0,0,0,0,324,183,415,233,0,0,0,0
GHCND:USC00473268,GREEN BAY WEATHER FORECAST OFFICE WI US,20100320,116,343,0,0,0,0,0,0,0,0,0,0,0,0,0,0,0,0,0,0,0,0,0,0,0,0,328,183,420,237,0,0,0,0
GHCND:USC00473268,GREEN BAY WEATHER FORECAST OFFICE WI US,20100321,121,348,0,0,0,0,0,0,0,0,0,0,0,0,0,0,0,0,0,0,0,0,0,0,0,0,333,184,425,241,0,0,0,0
GHCND:USC00473268,GREEN BAY WEATHER FORECAST OFFICE WI US,20100322,126,353,0,0,0,0,0,0,0,0,0,0,0,0,0,0,0,0,0,0,0,0,0,0,0,0,337,184,429,245,0,0,0,0
GHCND:USC00473268,GREEN BAY WEATHER FORECAST OFFICE WI US,20100323,132,359,0,0,0,0,0,0,0,0,0,0,0,0,0,0,0,0,0,0,0,0,0,0,0,0,342,185,434,249,0,0,0,0
GHCND:USC00473268,GREEN BAY WEATHER FORECAST OFFICE WI US,20100324,137,364,0,0,0,0,0,0,0,0,0,0,0,0,0,0,0,0,0,0,0,0,0,0,0,0,346,186,439,253,0,0,0,0
GHCND:USC00473268,GREEN BAY WEATHER FORECAST OFFICE WI US,20100325,143,370,0,0,0,0,0,0,0,0,0,0,0,0,0,0,0,0,0,0,0,0,0,0,0,0,350,186,444,257,0,0,0,0
GHCND:USC00473268,GREEN BAY WEATHER FORECAST OFFICE WI US,20100326,149,376,0,0,0,0,0,0,0,0,0,0,0,0,0,0,0,0,0,0,0,0,0,0,0,0,355,187,448,261,0,0,0,0
GHCND:USC00473268,GREEN BAY WEATHER FORECAST OFFICE WI US,20100327,155,382,0,0,0,0,0,0,0,0,0,0,0,0,0,0,0,0,0,0,0,0,0,0,0,0,359,188,453,266,0,0,0,0
GHCND:USC00473268,GREEN BAY WEATHER FORECAST OFFICE WI US,20100328,161,388,0,0,0,0,0,0,0,0,0,0,0,0,0,0,0,0,0,0,0,0,0,0,0,0,364,188,458,270,0,0,0,0
GHCND:USC00473268,GREEN BAY WEATHER FORECAST OFFICE WI US,20100329,168,395,0,0,0,0,0,0,0,0,0,0,0,0,0,0,0,0,0,0,0,0,0,0,0,0,368,189,463,274,0,0,0,0
GHCND:USC00473268,GREEN BAY WEATHER FORECAST OFFICE WI US,20100330,175,402,0,0,0,0,0,0,0,0,0,0,0,0,0,0,0,0,0,0,0,0,0,0,0,0,373,189,467,278,0,0,0,0
GHCND:USC00473268,GREEN BAY WEATHER FORECAST OFFICE WI US,20100331,182,409,0,0,0,0,0,0,0,0,0,0,0,0,0,0,0,0,0,0,0,0,0,0,0,0,377,190,472,282,0,0,0,0
GHCND:USC00473268,GREEN BAY WEATHER FORECAST OFFICE WI US,20100401,8,417,0,0,0,0,0,0,0,0,0,0,0,0,0,0,0,0,0,0,0,0,0,0,0,0,382,190,477,287,0,0,0,0
GHCND:USC00473268,GREEN BAY WEATHER FORECAST OFFICE WI US,20100402,15,424,0,0,0,0,0,0,0,0,0,0,0,0,0,0,0,0,0,0,0,0,0,0,0,0,386,191,482,291,0,0,0,0
GHCND:USC00473268,GREEN BAY WEATHER FORECAST OFFICE WI US,20100403,22,431,0,0,0,0,0,0,0,0,0,0,0,0,0,0,0,0,0,0,0,0,0,0,0,0,391,191,487,295,0,0,0,0
GHCND:USC00473268,GREEN BAY WEATHER FORECAST OFFICE WI US,20100404,30,439,0,0,0,0,0,0,0,0,0,0,0,0,0,0,0,0,0,0,0,0,0,0,0,0,395,192,491,299,0,0,0,0
GHCND:USC00473268,GREEN BAY WEATHER FORECAST OFFICE WI US,20100405,37,446,0,0,0,0,0,0,0,0,0,0,0,0,0,0,0,0,0,0,0,0,0,0,0,0,400,192,496,304,0,0,0,0
GHCND:USC00473268,GREEN BAY WEATHER FORECAST OFFICE WI US,20100406,45,454,0,0,0,0,0,0,0,0,0,0,0,0,0,0,0,0,0,0,0,0,0,0,0,0,405,193,501,308,0,0,0,0
GHCND:USC00473268,GREEN BAY WEATHER FORECAST OFFICE WI US,20100407,54,463,0,0,0,0,0,0,0,0,0,0,0,0,0,0,0,0,0,0,0,0,0,0,0,0,409,194,506,312,0,0,0,0
GHCND:USC00473268,GREEN BAY WEATHER FORECAST OFFICE WI US,20100408,61,470,0,0,0,0,0,0,0,0,0,0,0,0,0,0,0,0,0,0,0,0,0,0,0,0,414,194,511,317,0,0,0,0
GHCND:USC00473268,GREEN BAY WEATHER FORECAST OFFICE WI US,20100409,69,478,0,0,0,0,0,0,0,0,0,0,0,0,0,0,0,0,0,0,0,0,0,0,0,0,418,195,515,321,0,0,0,0
GHCND:USC00473268,GREEN BAY WEATHER FORECAST OFFICE WI US,20100410,77,486,0,0,0,0,0,0,0,0,0,0,0,0,0,0,0,0,0,0,0,0,0,0,0,0,423,195,520,325,0,0,0,0
GHCND:USC00473268,GREEN BAY WEATHER FORECAST OFFICE WI US,20100411,87,496,0,0,0,0,0,0,0,0,0,0,0,0,0,0,0,0,0,0,0,0,0,0,0,0,427,196,525,329,0,0,0,0
GHCND:USC00473268,GREEN BAY WEATHER FORECAST OFFICE WI US,20100412,97,506,0,0,0,0,0,0,0,0,0,0,0,0,0,0,0,0,0,0,0,0,0,0,0,0,431,196,530,333,0,0,0,0
GHCND:USC00473268,GREEN BAY WEATHER FORECAST OFFICE WI US,20100413,107,516,0,0,0,0,0,0,0,0,0,0,0,0,0,0,0,0,0,0,0,0,0,0,0,0,436,197,534,337,0,0,0,0
GHCND:USC00473268,GREEN BAY WEATHER FORECAST OFFICE WI US,20100414,117,526,0,0,0,0,0,0,0,0,0,0,0,0,0,0,0,0,0,0,0,0,0,0,0,0,440,197,539,342,0,0,0,0
GHCND:USC00473268,GREEN BAY WEATHER FORECAST OFFICE WI US,20100415,126,535,0,0,0,0,0,0,0,0,0,0,0,0,0,0,0,0,0,0,0,0,0,0,0,0,445,198,544,346,0,0,0,0
GHCND:USC00473268,GREEN BAY WEATHER FORECAST OFFICE WI US,20100416,135,544,0,0,0,0,0,0,0,0,0,0,0,0,0,0,0,0,0,0,0,0,0,0,0,0,449,199,548,350,0,0,0,0
GHCND:USC00473268,GREEN BAY WEATHER FORECAST OFFICE WI US,20100417,144,553,0,0,0,0,0,0,0,0,0,0,0,0,0,0,0,0,0,0,0,0,0,0,0,0,453,199,553,354,0,0,0,0
GHCND:USC00473268,GREEN BAY WEATHER FORECAST OFFICE WI US,20100418,153,562,0,0,0,0,0,0,0,0,0,0,0,0,0,0,0,0,0,0,0,0,0,0,0,0,457,200,557,357,0,0,0,0
GHCND:USC00473268,GREEN BAY WEATHER FORECAST OFFICE WI US,20100419,162,571,0,0,0,0,0,0,0,0,0,0,0,0,0,0,0,0,0,0,0,0,0,0,0,0,462,201,562,361,0,0,0,0
GHCND:USC00473268,GREEN BAY WEATHER FORECAST OFFICE WI US,20100420,172,581,0,0,0,0,0,0,0,0,0,0,0,0,0,0,0,0,0,0,0,0,0,0,0,0,466,201,566,365,0,0,0,0
GHCND:USC00473268,GREEN BAY WEATHER FORECAST OFFICE WI US,20100421,180,589,0,0,0,0,0,0,0,0,0,0,0,0,0,0,0,0,0,0,0,0,0,0,0,0,470,202,571,369,0,0,0,0
GHCND:USC00473268,GREEN BAY WEATHER FORECAST OFFICE WI US,20100422,189,598,0,0,0,0,0,0,0,0,0,0,0,0,0,0,0,0,0,0,0,0,0,0,0,0,474,203,575,372,0,0,0,0
GHCND:USC00473268,GREEN BAY WEATHER FORECAST OFFICE WI US,20100423,197,606,0,0,0,0,0,0,0,0,0,0,0,0,0,0,0,0,0,0,0,0,0,0,0,0,478,204,580,376,0,0,0,0
GHCND:USC00473268,GREEN BAY WEATHER FORECAST OFFICE WI US,20100424,206,615,0,0,0,0,0,0,0,0,0,0,0,0,0,0,0,0,0,0,0,0,0,0,0,0,482,205,584,380,0,0,0,0
GHCND:USC00473268,GREEN BAY WEATHER FORECAST OFFICE WI US,20100425,215,624,0,0,0,0,0,0,0,0,0,0,0,0,0,0,0,0,0,0,0,0,0,0,0,0,486,205,589,383,0,0,0,0
GHCND:USC00473268,GREEN BAY WEATHER FORECAST OFFICE WI US,20100426,224,633,0,0,0,0,0,0,0,0,0,0,0,0,0,0,0,0,0,0,0,0,0,0,0,0,490,206,593,387,0,0,0,0
GHCND:USC00473268,GREEN BAY WEATHER FORECAST OFFICE WI US,20100427,233,642,0,0,0,0,0,0,0,0,0,0,0,0,0,0,0,0,0,0,0,0,0,0,0,0,494,207,597,390,0,0,0,0
GHCND:USC00473268,GREEN BAY WEATHER FORECAST OFFICE WI US,20100428,242,651,0,0,0,0,0,0,0,0,0,0,0,0,0,0,0,0,0,0,0,0,0,0,0,0,497,208,601,393,0,0,0,0
GHCND:USC00473268,GREEN BAY WEATHER FORECAST OFFICE WI US,20100429,253,662,0,0,0,0,0,0,0,0,0,0,0,0,0,0,0,0,0,0,0,0,0,0,0,0,501,209,606,397,0,0,0,0
GHCND:USC00473268,GREEN BAY WEATHER FORECAST OFFICE WI US,20100430,265,674,0,0,0,0,0,0,0,0,0,0,0,0,0,0,0,0,0,0,0,0,0,0,0,0,505,210,610,400,0,0,0,0
GHCND:USC00473268,GREEN BAY WEATHER FORECAST OFFICE WI US,20100501,9,683,0,0,0,0,0,0,0,0,0,0,0,0,0,0,0,0,0,0,0,0,0,0,0,0,508,211,614,403,0,0,0,0
GHCND:USC00473268,GREEN BAY WEATHER FORECAST OFFICE WI US,20100502,18,692,0,0,0,0,0,0,0,0,0,0,0,0,0,0,0,0,0,0,0,0,0,0,0,0,512,212,618,406,0,0,0,0
GHCND:USC00473268,GREEN BAY WEATHER FORECAST OFFICE WI US,20100503,27,701,0,0,0,0,0,0,0,0,0,0,0,0,0,0,0,0,0,0,0,0,0,0,0,0,515,213,622,409,0,0,0,0
GHCND:USC00473268,GREEN BAY WEATHER FORECAST OFFICE WI US,20100504,35,709,0,0,0,0,0,0,0,0,0,0,0,0,0,0,0,0,0,0,0,0,0,0,0,0,519,214,626,412,0,0,0,0
GHCND:USC00473268,GREEN BAY WEATHER FORECAST OFFICE WI US,20100505,43,717,0,0,0,0,0,0,0,0,0,0,0,0,0,0,0,0,0,0,0,0,0,0,0,0,522,215,630,415,0,0,0,0
GHCND:USC00473268,GREEN BAY WEATHER FORECAST OFFICE WI US,20100506,52,726,0,0,0,0,0,0,0,0,0,0,0,0,0,0,0,0,0,0,0,0,0,0,0,0,526,215,634,418,0,0,0,0
GHCND:USC00473268,GREEN BAY WEATHER FORECAST OFFICE WI US,20100507,60,734,0,0,0,0,0,0,0,0,0,0,0,0,0,0,0,0,0,0,0,0,0,0,0,0,529,216,637,421,0,0,0,0
GHCND:USC00473268,GREEN BAY WEATHER FORECAST OFFICE WI US,20100508,69,743,0,0,0,0,0,0,0,0,0,0,0,0,0,0,0,0,0,0,0,0,0,0,0,0,533,217,641,424,0,0,0,0
GHCND:USC00473268,GREEN BAY WEATHER FORECAST OFFICE WI US,20100509,78,752,0,0,0,0,0,0,0,0,0,0,0,0,0,0,0,0,0,0,0,0,0,0,0,0,536,218,645,427,0,0,0,0
GHCND:USC00473268,GREEN BAY WEATHER FORECAST OFFICE WI US,20100510,86,760,0,0,0,0,0,0,0,0,0,0,0,0,0,0,0,0,0,0,0,0,0,0,0,0,539,219,649,430,0,0,0,0
GHCND:USC00473268,GREEN BAY WEATHER FORECAST OFFICE WI US,20100511,94,768,0,0,0,0,0,0,0,0,0,0,0,0,0,0,0,0,0,0,0,0,0,0,0,0,543,220,652,433,0,0,0,0
GHCND:USC00473268,GREEN BAY WEATHER FORECAST OFFICE WI US,20100512,102,776,0,0,0,0,0,0,0,0,0,0,0,0,0,0,0,0,0,0,0,0,0,0,0,0,546,220,656,436,0,0,0,0
GHCND:USC00473268,GREEN BAY WEATHER FORECAST OFFICE WI US,20100513,111,785,0,0,0,0,0,0,0,0,0,0,0,0,0,0,0,0,0,0,0,0,0,0,0,0,549,221,660,438,0,0,0,0
GHCND:USC00473268,GREEN BAY WEATHER FORECAST OFFICE WI US,20100514,120,794,0,0,0,0,0,0,0,0,0,0,0,0,0,0,0,0,0,0,0,0,0,0,0,0,552,222,663,441,0,0,0,0
GHCND:USC00473268,GREEN BAY WEATHER FORECAST OFFICE WI US,20100515,129,803,0,0,0,0,0,0,0,0,0,0,0,0,0,0,0,0,0,0,0,0,0,0,0,0,556,222,667,444,0,0,0,0
GHCND:USC00473268,GREEN BAY WEATHER FORECAST OFFICE WI US,20100516,138,812,0,0,0,0,0,0,0,0,0,0,0,0,0,0,0,0,0,0,0,0,0,0,0,0,559,223,670,447,0,0,0,0
GHCND:USC00473268,GREEN BAY WEATHER FORECAST OFFICE WI US,20100517,148,822,0,0,0,0,0,0,0,0,0,0,0,0,0,0,0,0,0,0,0,0,0,0,0,0,562,224,674,450,0,0,0,0
GHCND:USC00473268,GREEN BAY WEATHER FORECAST OFFICE WI US,20100518,158,832,0,0,0,0,0,0,0,0,0,0,0,0,0,0,0,0,0,0,0,0,0,0,0,0,565,224,677,453,0,0,0,0
GHCND:USC00473268,GREEN BAY WEATHER FORECAST OFFICE WI US,20100519,169,843,0,0,0,0,0,0,0,0,0,0,0,0,0,0,0,0,0,0,0,0,0,0,0,0,568,224,681,456,0,0,0,0
GHCND:USC00473268,GREEN BAY WEATHER FORECAST OFFICE WI US,20100520,180,854,0,0,0,0,0,0,0,0,0,0,0,0,0,0,0,0,0,0,0,0,0,0,0,0,572,225,684,459,0,0,0,0
GHCND:USC00473268,GREEN BAY WEATHER FORECAST OFFICE WI US,20100521,191,865,0,0,0,0,0,0,0,0,0,0,0,0,0,0,0,0,0,0,0,0,0,0,0,0,575,225,687,462,0,0,0,0
GHCND:USC00473268,GREEN BAY WEATHER FORECAST OFFICE WI US,20100522,203,877,0,0,0,0,0,0,0,0,0,0,0,0,0,0,0,0,0,0,0,0,0,0,0,0,578,225,691,466,0,0,0,0
GHCND:USC00473268,GREEN BAY WEATHER FORECAST OFFICE WI US,20100523,214,888,0,0,0,0,0,0,0,0,0,0,0,0,0,0,0,0,0,0,0,0,0,0,0,0,581,225,694,469,0,0,0,0
GHCND:USC00473268,GREEN BAY WEATHER FORECAST OFFICE WI US,20100524,226,900,0,0,0,0,0,0,0,0,0,0,0,0,0,0,0,0,0,0,0,0,0,0,0,0,585,225,697,472,0,0,0,0
GHCND:USC00473268,GREEN BAY WEATHER FORECAST OFFICE WI US,20100525,239,913,0,0,0,0,0,0,0,0,0,0,0,0,0,0,0,0,0,0,0,0,0,0,0,0,588,225,701,475,0,0,0,0
GHCND:USC00473268,GREEN BAY WEATHER FORECAST OFFICE WI US,20100526,252,926,0,0,0,0,0,0,0,0,0,0,0,0,0,0,0,0,0,0,0,0,0,0,0,0,591,225,704,478,0,0,0,0
GHCND:USC00473268,GREEN BAY WEATHER FORECAST OFFICE WI US,20100527,265,939,0,0,0,0,0,0,0,0,0,0,0,0,0,0,0,0,0,0,0,0,0,0,0,0,594,225,707,482,0,0,0,0
GHCND:USC00473268,GREEN BAY WEATHER FORECAST OFFICE WI US,20100528,277,951,0,0,0,0,0,0,0,0,0,0,0,0,0,0,0,0,0,0,0,0,0,0,0,0,598,225,710,485,0,0,0,0
GHCND:USC00473268,GREEN BAY WEATHER FORECAST OFFICE WI US,20100529,289,963,0,0,0,0,0,0,0,0,0,0,0,0,0,0,0,0,0,0,0,0,0,0,0,0,601,225,713,489,0,0,0,0
GHCND:USC00473268,GREEN BAY WEATHER FORECAST OFFICE WI US,20100530,302,976,0,0,0,0,0,0,0,0,0,0,0,0,0,0,0,0,0,0,0,0,0,0,0,0,604,225,717,492,0,0,0,0
GHCND:USC00473268,GREEN BAY WEATHER FORECAST OFFICE WI US,20100531,315,989,0,0,0,0,0,0,0,0,0,0,0,0,0,0,0,0,0,0,0,0,0,0,0,0,608,224,720,496,0,0,0,0
GHCND:USC00473268,GREEN BAY WEATHER FORECAST OFFICE WI US,20100601,16,1005,0,0,0,0,0,0,0,0,0,0,0,0,0,0,0,0,0,0,0,0,0,0,0,0,611,224,723,499,0,0,0,0
GHCND:USC00473268,GREEN BAY WEATHER FORECAST OFFICE WI US,20100602,32,1021,0,0,0,0,0,0,0,0,0,0,0,0,0,0,0,0,0,0,0,0,0,0,0,0,614,223,726,503,0,0,0,0
GHCND:USC00473268,GREEN BAY WEATHER FORECAST OFFICE WI US,20100603,47,1036,0,0,0,0,0,0,0,0,0,0,0,0,0,0,0,0,0,0,0,0,0,0,0,0,618,223,729,506,0,0,0,0
GHCND:USC00473268,GREEN BAY WEATHER FORECAST OFFICE WI US,20100604,63,1052,0,0,0,0,0,0,0,0,0,0,0,0,0,0,0,0,0,0,0,0,0,0,0,0,621,222,732,510,0,0,0,0
GHCND:USC00473268,GREEN BAY WEATHER FORECAST OFFICE WI US,20100605,79,1068,0,0,0,0,0,0,0,0,0,0,0,0,0,0,0,0,0,0,0,0,0,0,0,0,624,222,735,513,0,0,0,0
GHCND:USC00473268,GREEN BAY WEATHER FORECAST OFFICE WI US,20100606,95,1084,0,0,0,0,0,0,0,0,0,0,0,0,0,0,0,0,0,0,0,0,0,0,0,0,627,221,738,517,0,0,0,0
GHCND:USC00473268,GREEN BAY WEATHER FORECAST OFFICE WI US,20100607,111,1100,0,0,0,0,0,0,0,0,0,0,0,0,0,0,0,0,0,0,0,0,0,0,0,0,631,221,741,520,0,0,0,0
GHCND:USC00473268,GREEN BAY WEATHER FORECAST OFFICE WI US,20100608,127,1116,0,0,0,0,0,0,0,0,0,0,0,0,0,0,0,0,0,0,0,0,0,0,0,0,634,220,744,524,0,0,0,0
GHCND:USC00473268,GREEN BAY WEATHER FORECAST OFFICE WI US,20100609,142,1131,0,0,0,0,0,0,0,0,0,0,0,0,0,0,0,0,0,0,0,0,0,0,0,0,637,219,747,528,0,0,0,0
GHCND:USC00473268,GREEN BAY WEATHER FORECAST OFFICE WI US,20100610,158,1147,0,0,0,0,0,0,0,0,0,0,0,0,0,0,0,0,0,0,0,0,0,0,0,0,640,219,750,531,0,0,0,0
GHCND:USC00473268,GREEN BAY WEATHER FORECAST OFFICE WI US,20100611,173,1162,0,0,0,0,0,0,0,0,0,0,0,0,0,0,0,0,0,0,0,0,0,0,0,0,644,218,753,535,0,0,0,0
GHCND:USC00473268,GREEN BAY WEATHER FORECAST OFFICE WI US,20100612,187,1176,0,0,0,0,0,0,0,0,0,0,0,0,0,0,0,0,0,0,0,0,0,0,0,0,647,217,755,538,0,0,0,0
GHCND:USC00473268,GREEN BAY WEATHER FORECAST OFFICE WI US,20100613,201,1190,0,0,0,0,0,0,0,0,0,0,0,0,0,0,0,0,0,0,0,0,0,0,0,0,650,217,758,541,0,0,0,0
GHCND:USC00473268,GREEN BAY WEATHER FORECAST OFFICE WI US,20100614,215,1204,0,0,0,0,0,0,0,0,0,0,0,0,0,0,0,0,0,0,0,0,0,0,0,0,653,216,761,545,0,0,0,0
GHCND:USC00473268,GREEN BAY WEATHER FORECAST OFFICE WI US,20100615,229,1218,0,0,0,0,0,0,0,0,0,0,0,0,0,0,0,0,0,0,0,0,0,0,0,0,656,216,764,548,0,0,0,0
GHCND:USC00473268,GREEN BAY WEATHER FORECAST OFFICE WI US,20100616,242,1231,0,0,0,0,0,0,0,0,0,0,0,0,0,0,0,0,0,0,0,0,0,0,0,0,659,215,766,551,0,0,0,0
GHCND:USC00473268,GREEN BAY WEATHER FORECAST OFFICE WI US,20100617,254,1243,0,0,0,0,0,0,0,0,0,0,0,0,0,0,0,0,0,0,0,0,0,0,0,0,662,214,769,554,0,0,0,0
GHCND:USC00473268,GREEN BAY WEATHER FORECAST OFFICE WI US,20100618,267,1256,0,0,0,0,0,0,0,0,0,0,0,0,0,0,0,0,0,0,0,0,0,0,0,0,664,214,771,557,0,0,0,0
GHCND:USC00473268,GREEN BAY WEATHER FORECAST OFFICE WI US,20100619,279,1268,0,0,0,0,0,0,0,0,0,0,0,0,0,0,0,0,0,0,0,0,0,0,0,0,667,213,774,560,0,0,0,0
GHCND:USC00473268,GREEN BAY WEATHER FORECAST OFFICE WI US,20100620,292,1281,0,0,0,0,0,0,0,0,0,0,0,0,0,0,0,0,0,0,0,0,0,0,0,0,670,213,776,563,0,0,0,0
GHCND:USC00473268,GREEN BAY WEATHER FORECAST OFFICE WI US,20100621,305,1294,0,0,0,0,0,0,0,0,0,0,0,0,0,0,0,0,0,0,0,0,0,0,0,0,672,212,778,566,0,0,0,0
GHCND:USC00473268,GREEN BAY WEATHER FORECAST OFFICE WI US,20100622,317,1306,0,0,0,0,0,0,0,0,0,0,0,0,0,0,0,0,0,0,0,0,0,0,0,0,675,212,781,569,0,0,0,0
GHCND:USC00473268,GREEN BAY WEATHER FORECAST OFFICE WI US,20100623,329,1318,0,0,0,0,0,0,0,0,0,0,0,0,0,0,0,0,0,0,0,0,0,0,0,0,677,212,783,571,0,0,0,0
GHCND:USC00473268,GREEN BAY WEATHER FORECAST OFFICE WI US,20100624,340,1329,0,0,0,0,0,0,0,0,0,0,0,0,0,0,0,0,0,0,0,0,0,0,0,0,679,211,785,574,0,0,0,0
GHCND:USC00473268,GREEN BAY WEATHER FORECAST OFFICE WI US,20100625,350,1339,0,0,0,0,0,0,0,0,0,0,0,0,0,0,0,0,0,0,0,0,0,0,0,0,682,211,787,576,0,0,0,0
GHCND:USC00473268,GREEN BAY WEATHER FORECAST OFFICE WI US,20100626,361,1350,0,0,0,0,0,0,0,0,0,0,0,0,0,0,0,0,0,0,0,0,0,0,0,0,684,211,789,578,0,0,0,0
GHCND:USC00473268,GREEN BAY WEATHER FORECAST OFFICE WI US,20100627,371,1360,0,0,0,0,0,0,0,0,0,0,0,0,0,0,0,0,0,0,0,0,0,0,0,0,686,211,791,580,0,0,0,0
GHCND:USC00473268,GREEN BAY WEATHER FORECAST OFFICE WI US,20100628,381,1370,0,0,0,0,0,0,0,0,0,0,0,0,0,0,0,0,0,0,0,0,0,0,0,0,688,210,793,582,0,0,0,0
GHCND:USC00473268,GREEN BAY WEATHER FORECAST OFFICE WI US,20100629,390,1379,0,0,0,0,0,0,0,0,0,0,0,0,0,0,0,0,0,0,0,0,0,0,0,0,689,210,794,584,0,0,0,0
GHCND:USC00473268,GREEN BAY WEATHER FORECAST OFFICE WI US,20100630,400,1389,0,0,0,0,0,0,0,0,0,0,0,0,0,0,0,0,0,0,0,0,0,0,0,0,691,210,796,586,0,0,0,0
GHCND:USC00473268,GREEN BAY WEATHER FORECAST OFFICE WI US,20100701,12,1401,0,0,0,0,0,0,0,0,0,0,0,0,0,0,0,0,0,0,0,0,0,0,0,0,693,210,798,587,0,0,0,0
GHCND:USC00473268,GREEN BAY WEATHER FORECAST OFFICE WI US,20100702,25,1414,0,0,0,0,0,0,0,0,0,0,0,0,0,0,0,0,0,0,0,0,0,0,0,0,694,210,799,589,0,0,0,0
GHCND:USC00473268,GREEN BAY WEATHER FORECAST OFFICE WI US,20100703,37,1426,0,0,0,0,0,0,0,0,0,0,0,0,0,0,0,0,0,0,0,0,0,0,0,0,695,210,801,590,0,0,0,0
GHCND:USC00473268,GREEN BAY WEATHER FORECAST OFFICE WI US,20100704,49,1438,0,0,0,0,0,0,0,0,0,0,0,0,0,0,0,0,0,0,0,0,0,0,0,0,697,210,802,592,0,0,0,0
GHCND:USC00473268,GREEN BAY WEATHER FORECAST OFFICE WI US,20100705,61,1450,0,0,0,0,0,0,0,0,0,0,0,0,0,0,0,0,0,0,0,0,0,0,0,0,698,210,803,593,0,0,0,0
GHCND:USC00473268,GREEN BAY WEATHER FORECAST OFFICE WI US,20100706,73,1462,0,0,0,0,0,0,0,0,0,0,0,0,0,0,0,0,0,0,0,0,0,0,0,0,699,210,804,594,0,0,0,0
GHCND:USC00473268,GREEN BAY WEATHER FORECAST OFFICE WI US,20100707,85,1474,0,0,0,0,0,0,0,0,0,0,0,0,0,0,0,0,0,0,0,0,0,0,0,0,700,211,805,595,0,0,0,0
GHCND:USC00473268,GREEN BAY WEATHER FORECAST OFFICE WI US,20100708,97,1486,0,0,0,0,0,0,0,0,0,0,0,0,0,0,0,0,0,0,0,0,0,0,0,0,701,211,806,595,0,0,0,0
GHCND:USC00473268,GREEN BAY WEATHER FORECAST OFFICE WI US,20100709,108,1497,0,0,0,0,0,0,0,0,0,0,0,0,0,0,0,0,0,0,0,0,0,0,0,0,701,211,807,596,0,0,0,0
GHCND:USC00473268,GREEN BAY WEATHER FORECAST OFFICE WI US,20100710,120,1509,0,0,0,0,0,0,0,0,0,0,0,0,0,0,0,0,0,0,0,0,0,0,0,0,702,211,808,597,0,0,0,0
GHCND:USC00473268,GREEN BAY WEATHER FORECAST OFFICE WI US,20100711,133,1522,0,0,0,0,0,0,0,0,0,0,0,0,0,0,0,0,0,0,0,0,0,0,0,0,703,211,808,597,0,0,0,0
GHCND:USC00473268,GREEN BAY WEATHER FORECAST OFFICE WI US,20100712,146,1535,0,0,0,0,0,0,0,0,0,0,0,0,0,0,0,0,0,0,0,0,0,0,0,0,703,211,809,598,0,0,0,0
GHCND:USC00473268,GREEN BAY WEATHER FORECAST OFFICE WI US,20100713,158,1547,0,0,0,0,0,0,0,0,0,0,0,0,0,0,0,0,0,0,0,0,0,0,0,0,704,211,809,598,0,0,0,0
GHCND:USC00473268,GREEN BAY WEATHER FORECAST OFFICE WI US,20100714,171,1560,0,0,0,0,0,0,0,0,0,0,0,0,0,0,0,0,0,0,0,0,0,0,0,0,704,211,810,598,0,0,0,0
GHCND:USC00473268,GREEN BAY WEATHER FORECAST OFFICE WI US,20100715,184,1573,0,0,0,0,0,0,0,0,0,0,0,0,0,0,0,0,0,0,0,0,0,0,0,0,704,212,810,598,0,0,0,0
GHCND:USC00473268,GREEN BAY WEATHER FORECAST OFFICE WI US,20100716,197,1586,0,0,0,0,0,0,0,0,0,0,0,0,0,0,0,0,0,0,0,0,0,0,0,0,704,212,810,598,0,0,0,0
GHCND:USC00473268,GREEN BAY WEATHER FORECAST OFFICE WI US,20100717,210,1599,0,0,0,0,0,0,0,0,0,0,0,0,0,0,0,0,0,0,0,0,0,0,0,0,704,212,810,599,0,0,0,0
GHCND:USC00473268,GREEN BAY WEATHER FORECAST OFFICE WI US,20100718,223,1612,0,0,0,0,0,0,0,0,0,0,0,0,0,0,0,0,0,0,0,0,0,0,0,0,704,212,810,599,0,0,0,0
GHCND:USC00473268,GREEN BAY WEATHER FORECAST OFFICE WI US,20100719,235,1624,0,0,0,0,0,0,0,0,0,0,0,0,0,0,0,0,0,0,0,0,0,0,0,0,704,212,810,599,0,0,0,0
GHCND:USC00473268,GREEN BAY WEATHER FORECAST OFFICE WI US,20100720,246,1635,0,0,0,0,0,0,0,0,0,0,0,0,0,0,0,0,0,0,0,0,0,0,0,0,704,212,810,598,0,0,0,0
GHCND:USC00473268,GREEN BAY WEATHER FORECAST OFFICE WI US,20100721,257,1646,0,0,0,0,0,0,0,0,0,0,0,0,0,0,0,0,0,0,0,0,0,0,0,0,704,212,810,598,0,0,0,0
GHCND:USC00473268,GREEN BAY WEATHER FORECAST OFFICE WI US,20100722,267,1656,0,0,0,0,0,0,0,0,0,0,0,0,0,0,0,0,0,0,0,0,0,0,0,0,704,212,810,598,0,0,0,0
GHCND:USC00473268,GREEN BAY WEATHER FORECAST OFFICE WI US,20100723,277,1666,0,0,0,0,0,0,0,0,0,0,0,0,0,0,0,0,0,0,0,0,0,0,0,0,704,212,810,598,0,0,0,0
GHCND:USC00473268,GREEN BAY WEATHER FORECAST OFFICE WI US,20100724,287,1676,0,0,0,0,0,0,0,0,0,0,0,0,0,0,0,0,0,0,0,0,0,0,0,0,703,211,809,598,0,0,0,0
GHCND:USC00473268,GREEN BAY WEATHER FORECAST OFFICE WI US,20100725,298,1687,0,0,0,0,0,0,0,0,0,0,0,0,0,0,0,0,0,0,0,0,0,0,0,0,703,211,809,597,0,0,0,0
GHCND:USC00473268,GREEN BAY WEATHER FORECAST OFFICE WI US,20100726,309,1698,0,0,0,0,0,0,0,0,0,0,0,0,0,0,0,0,0,0,0,0,0,0,0,0,703,211,808,597,0,0,0,0
GHCND:USC00473268,GREEN BAY WEATHER FORECAST OFFICE WI US,20100727,319,1708,0,0,0,0,0,0,0,0,0,0,0,0,0,0,0,0,0,0,0,0,0,0,0,0,702,211,808,597,0,0,0,0
GHCND:USC00473268,GREEN BAY WEATHER FORECAST OFFICE WI US,20100728,330,1719,0,0,0,0,0,0,0,0,0,0,0,0,0,0,0,0,0,0,0,0,0,0,0,0,702,211,807,597,0,0,0,0
GHCND:USC00473268,GREEN BAY WEATHER FORECAST OFFICE WI US,20100729,341,1730,0,0,0,0,0,0,0,0,0,0,0,0,0,0,0,0,0,0,0,0,0,0,0,0,701,210,807,596,0,0,0,0
GHCND:USC00473268,GREEN BAY WEATHER FORECAST OFFICE WI US,20100730,351,1740,0,0,0,0,0,0,0,0,0,0,0,0,0,0,0,0,0,0,0,0,0,0,0,0,701,210,806,596,0,0,0,0
GHCND:USC00473268,GREEN BAY WEATHER FORECAST OFFICE WI US,20100731,361,1750,0,0,0,0,0,0,0,0,0,0,0,0,0,0,0,0,0,0,0,0,0,0,0,0,700,210,805,595,0,0,0,0
GHCND:USC00473268,GREEN BAY WEATHER FORECAST OFFICE WI US,20100801,9,1759,0,0,0,0,0,0,0,0,0,0,0,0,0,0,0,0,0,0,0,0,0,0,0,0,700,210,805,595,0,0,0,0
GHCND:USC00473268,GREEN BAY WEATHER FORECAST OFFICE WI US,20100802,19,1769,0,0,0,0,0,0,0,0,0,0,0,0,0,0,0,0,0,0,0,0,0,0,0,0,699,209,804,594,0,0,0,0
GHCND:USC00473268,GREEN BAY WEATHER FORECAST OFFICE WI US,20100803,27,1777,0,0,0,0,0,0,0,0,0,0,0,0,0,0,0,0,0,0,0,0,0,0,0,0,698,209,803,594,0,0,0,0
GHCND:USC00473268,GREEN BAY WEATHER FORECAST OFFICE WI US,20100804,37,1787,0,0,0,0,0,0,0,0,0,0,0,0,0,0,0,0,0,0,0,0,0,0,0,0,698,209,802,593,0,0,0,0
GHCND:USC00473268,GREEN BAY WEATHER FORECAST OFFICE WI US,20100805,47,1797,0,0,0,0,0,0,0,0,0,0,0,0,0,0,0,0,0,0,0,0,0,0,0,0,697,208,801,593,0,0,0,0
GHCND:USC00473268,GREEN BAY WEATHER FORECAST OFFICE WI US,20100806,59,1809,0,0,0,0,0,0,0,0,0,0,0,0,0,0,0,0,0,0,0,0,0,0,0,0,696,208,800,592,0,0,0,0
GHCND:USC00473268,GREEN BAY WEATHER FORECAST OFFICE WI US,20100807,72,1822,0,0,0,0,0,0,0,0,0,0,0,0,0,0,0,0,0,0,0,0,0,0,0,0,695,208,799,591,0,0,0,0
GHCND:USC00473268,GREEN BAY WEATHER FORECAST OFFICE WI US,20100808,83,1833,0,0,0,0,0,0,0,0,0,0,0,0,0,0,0,0,0,0,0,0,0,0,0,0,694,208,798,591,0,0,0,0
GHCND:USC00473268,GREEN BAY WEATHER FORECAST OFFICE WI US,20100809,94,1844,0,0,0,0,0,0,0,0,0,0,0,0,0,0,0,0,0,0,0,0,0,0,0,0,693,207,797,590,0,0,0,0
GHCND:USC00473268,GREEN BAY WEATHER FORECAST OFFICE WI US,20100810,106,1856,0,0,0,0,0,0,0,0,0,0,0,0,0,0,0,0,0,0,0,0,0,0,0,0,692,207,796,589,0,0,0,0
GHCND:USC00473268,GREEN BAY WEATHER FORECAST OFFICE WI US,20100811,117,1867,0,0,0,0,0,0,0,0,0,0,0,0,0,0,0,0,0,0,0,0,0,0,0,0,691,207,795,588,0,0,0,0
GHCND:USC00473268,GREEN BAY WEATHER FORECAST OFFICE WI US,20100812,129,1879,0,0,0,0,0,0,0,0,0,0,0,0,0,0,0,0,0,0,0,0,0,0,0,0,690,207,794,587,0,0,0,0
GHCND:USC00473268,GREEN BAY WEATHER FORECAST OFFICE WI US,20100813,141,1891,0,0,0,0,0,0,0,0,0,0,0,0,0,0,0,0,0,0,0,0,0,0,0,0,689,206,792,586,0,0,0,0
GHCND:USC00473268,GREEN BAY WEATHER FORECAST OFFICE WI US,20100814,153,1903,0,0,0,0,0,0,0,0,0,0,0,0,0,0,0,0,0,0,0,0,0,0,0,0,688,206,791,585,0,0,0,0
GHCND:USC00473268,GREEN BAY WEATHER FORECAST OFFICE WI US,20100815,165,1915,0,0,0,0,0,0,0,0,0,0,0,0,0,0,0,0,0,0,0,0,0,0,0,0,686,206,790,583,0,0,0,0
GHCND:USC00473268,GREEN BAY WEATHER FORECAST OFFICE WI US,20100816,176,1926,0,0,0,0,0,0,0,0,0,0,0,0,0,0,0,0,0,0,0,0,0,0,0,0,685,206,788,582,0,0,0,0
GHCND:USC00473268,GREEN BAY WEATHER FORECAST OFFICE WI US,20100817,187,1937,0,0,0,0,0,0,0,0,0,0,0,0,0,0,0,0,0,0,0,0,0,0,0,0,684,206,787,580,0,0,0,0
GHCND:USC00473268,GREEN BAY WEATHER FORECAST OFFICE WI US,20100818,198,1948,0,0,0,0,0,0,0,0,0,0,0,0,0,0,0,0,0,0,0,0,0,0,0,0,682,206,785,579,0,0,0,0
GHCND:USC00473268,GREEN BAY WEATHER FORECAST OFFICE WI US,20100819,209,1959,0,0,0,0,0,0,0,0,0,0,0,0,0,0,0,0,0,0,0,0,0,0,0,0,680,207,784,577,0,0,0,0
GHCND:USC00473268,GREEN BAY WEATHER FORECAST OFFICE WI US,20100820,219,1969,0,0,0,0,0,0,0,0,0,0,0,0,0,0,0,0,0,0,0,0,0,0,0,0,679,207,782,575,0,0,0,0
GHCND:USC00473268,GREEN BAY WEATHER FORECAST OFFICE WI US,20100821,230,1980,0,0,0,0,0,0,0,0,0,0,0,0,0,0,0,0,0,0,0,0,0,0,0,0,677,207,780,573,0,0,0,0
GHCND:USC00473268,GREEN BAY WEATHER FORECAST OFFICE WI US,20100822,241,1991,0,0,0,0,0,0,0,0,0,0,0,0,0,0,0,0,0,0,0,0,0,0,0,0,675,207,779,571,0,0,0,0
GHCND:USC00473268,GREEN BAY WEATHER FORECAST OFFICE WI US,20100823,251,2001,0,0,0,0,0,0,0,0,0,0,0,0,0,0,0,0,0,0,0,0,0,0,0,0,673,208,777,569,0,0,0,0
GHCND:USC00473268,GREEN BAY WEATHER FORECAST OFFICE WI US,20100824,261,2011,0,0,0,0,0,0,0,0,0,0,0,0,0,0,0,0,0,0,0,0,0,0,0,0,671,208,775,567,0,0,0,0
GHCND:USC00473268,GREEN BAY WEATHER FORECAST OFFICE WI US,20100825,272,2022,0,0,0,0,0,0,0,0,0,0,0,0,0,0,0,0,0,0,0,0,0,0,0,0,669,208,773,564,0,0,0,0
GHCND:USC00473268,GREEN BAY WEATHER FORECAST OFFICE WI US,20100826,283,2033,0,0,0,0,0,0,0,0,0,0,0,0,0,0,0,0,0,0,0,0,0,0,0,0,666,209,771,562,0,0,0,0
GHCND:USC00473268,GREEN BAY WEATHER FORECAST OFFICE WI US,20100827,293,2043,0,0,0,0,0,0,0,0,0,0,0,0,0,0,0,0,0,0,0,0,0,0,0,0,664,209,769,559,0,0,0,0
GHCND:USC00473268,GREEN BAY WEATHER FORECAST OFFICE WI US,20100828,305,2055,0,0,0,0,0,0,0,0,0,0,0,0,0,0,0,0,0,0,0,0,0,0,0,0,661,210,766,556,0,0,0,0
GHCND:USC00473268,GREEN BAY WEATHER FORECAST OFFICE WI US,20100829,316,2066,0,0,0,0,0,0,0,0,0,0,0,0,0,0,0,0,0,0,0,0,0,0,0,0,659,211,764,554,0,0,0,0
GHCND:USC00473268,GREEN BAY WEATHER FORECAST OFFICE WI US,20100830,329,2079,0,0,0,0,0,0,0,0,0,0,0,0,0,0,0,0,0,0,0,0,0,0,0,0,656,211,762,551,0,0,0,0
GHCND:USC00473268,GREEN BAY WEATHER FORECAST OFFICE WI US,20100831,341,2091,0,0,0,0,0,0,0,0,0,0,0,0,0,0,0,0,0,0,0,0,0,0,0,0,653,212,759,547,0,0,0,0
GHCND:USC00473268,GREEN BAY WEATHER FORECAST OFFICE WI US,20100901,13,2104,0,0,0,0,0,0,0,0,0,0,0,0,0,0,0,0,0,0,0,0,0,0,0,0,650,213,757,544,0,0,0,0
GHCND:USC00473268,GREEN BAY WEATHER FORECAST OFFICE WI US,20100902,25,2116,0,0,0,0,0,0,0,0,0,0,0,0,0,0,0,0,0,0,0,0,0,0,0,0,647,213,754,541,0,0,0,0
GHCND:USC00473268,GREEN BAY WEATHER FORECAST OFFICE WI US,20100903,37,2128,0,0,0,0,0,0,0,0,0,0,0,0,0,0,0,0,0,0,0,0,0,0,0,0,644,214,751,537,0,0,0,0
GHCND:USC00473268,GREEN BAY WEATHER FORECAST OFFICE WI US,20100904,46,2137,0,0,0,0,0,0,0,0,0,0,0,0,0,0,0,0,0,0,0,0,0,0,0,0,641,215,749,534,0,0,0,0
GHCND:USC00473268,GREEN BAY WEATHER FORECAST OFFICE WI US,20100905,55,2146,0,0,0,0,0,0,0,0,0,0,0,0,0,0,0,0,0,0,0,0,0,0,0,0,638,215,746,530,0,0,0,0
GHCND:USC00473268,GREEN BAY WEATHER FORECAST OFFICE WI US,20100906,64,2155,0,0,0,0,0,0,0,0,0,0,0,0,0,0,0,0,0,0,0,0,0,0,0,0,635,216,743,527,0,0,0,0
GHCND:USC00473268,GREEN BAY WEATHER FORECAST OFFICE WI US,20100907,73,2164,0,0,0,0,0,0,0,0,0,0,0,0,0,0,0,0,0,0,0,0,0,0,0,0,631,217,740,523,0,0,0,0
GHCND:USC00473268,GREEN BAY WEATHER FORECAST OFFICE WI US,20100908,82,2173,0,0,0,0,0,0,0,0,0,0,0,0,0,0,0,0,0,0,0,0,0,0,0,0,628,217,736,519,0,0,0,0
GHCND:USC00473268,GREEN BAY WEATHER FORECAST OFFICE WI US,20100909,92,2183,0,0,0,0,0,0,0,0,0,0,0,0,0,0,0,0,0,0,0,0,0,0,0,0,624,218,733,515,0,0,0,0
GHCND:USC00473268,GREEN BAY WEATHER FORECAST OFFICE WI US,20100910,102,2193,0,0,0,0,0,0,0,0,0,0,0,0,0,0,0,0,0,0,0,0,0,0,0,0,620,219,730,511,0,0,0,0
GHCND:USC00473268,GREEN BAY WEATHER FORECAST OFFICE WI US,20100911,112,2203,0,0,0,0,0,0,0,0,0,0,0,0,0,0,0,0,0,0,0,0,0,0,0,0,617,219,726,507,0,0,0,0
GHCND:USC00473268,GREEN BAY WEATHER FORECAST OFFICE WI US,20100912,122,2213,0,0,0,0,0,0,0,0,0,0,0,0,0,0,0,0,0,0,0,0,0,0,0,0,613,220,723,503,0,0,0,0
GHCND:USC00473268,GREEN BAY WEATHER FORECAST OFFICE WI US,20100913,132,2223,0,0,0,0,0,0,0,0,0,0,0,0,0,0,0,0,0,0,0,0,0,0,0,0,609,220,719,499,0,0,0,0
GHCND:USC00473268,GREEN BAY WEATHER FORECAST OFFICE WI US,20100914,143,2234,0,0,0,0,0,0,0,0,0,0,0,0,0,0,0,0,0,0,0,0,0,0,0,0,605,220,715,495,0,0,0,0
GHCND:USC00473268,GREEN BAY WEATHER FORECAST OFFICE WI US,20100915,154,2245,0,0,0,0,0,0,0,0,0,0,0,0,0,0,0,0,0,0,0,0,0,0,0,0,601,221,712,491,0,0,0,0
GHCND:USC00473268,GREEN BAY WEATHER FORECAST OFFICE WI US,20100916,164,2255,0,0,0,0,0,0,0,0,0,0,0,0,0,0,0,0,0,0,0,0,0,0,0,0,597,221,708,487,0,0,0,0
GHCND:USC00473268,GREEN BAY WEATHER FORECAST OFFICE WI US,20100917,176,2267,0,0,0,0,0,0,0,0,0,0,0,0,0,0,0,0,0,0,0,0,0,0,0,0,593,221,704,483,0,0,0,0
GHCND:USC00473268,GREEN BAY WEATHER FORECAST OFFICE WI US,20100918,187,2278,0,0,0,0,0,0,0,0,0,0,0,0,0,0,0,0,0,0,0,0,0,0,0,0,589,221,700,479,0,0,0,0
GHCND:USC00473268,GREEN BAY WEATHER FORECAST OFFICE WI US,20100919,200,2291,0,0,0,0,0,0,0,0,0,0,0,0,0,0,0,0,0,0,0,0,0,0,0,0,585,221,696,475,0,0,0,0
GHCND:USC00473268,GREEN BAY WEATHER FORECAST OFFICE WI US,20100920,212,2303,0,0,0,0,0,0,0,0,0,0,0,0,0,0,0,0,0,0,0,0,0,0,0,0,581,221,692,471,0,0,0,0
GHCND:USC00473268,GREEN BAY WEATHER FORECAST OFFICE WI US,20100921,225,2316,0,0,0,0,0,0,0,0,0,0,0,0,0,0,0,0,0,0,0,0,0,0,0,0,577,221,687,467,0,0,0,0
GHCND:USC00473268,GREEN BAY WEATHER FORECAST OFFICE WI US,20100922,237,2328,0,0,0,0,0,0,0,0,0,0,0,0,0,0,0,0,0,0,0,0,0,0,0,0,573,220,683,463,0,0,0,0
GHCND:USC00473268,GREEN BAY WEATHER FORECAST OFFICE WI US,20100923,249,2340,0,0,0,0,0,0,0,0,0,0,0,0,0,0,0,0,0,0,0,0,0,0,0,0,569,220,679,459,0,0,0,0
GHCND:USC00473268,GREEN BAY WEATHER FORECAST OFFICE WI US,20100924,261,2352,0,0,0,0,0,0,0,0,0,0,0,0,0,0,0,0,0,0,0,0,0,0,0,0,565,219,675,455,0,0,0,0
GHCND:USC00473268,GREEN BAY WEATHER FORECAST OFFICE WI US,20100925,273,2364,0,0,0,0,0,0,0,0,0,0,0,0,0,0,0,0,0,0,0,0,0,0,0,0,561,219,670,452,0,0,0,0
GHCND:USC00473268,GREEN BAY WEATHER FORECAST OFFICE WI US,20100926,284,2375,0,0,0,0,0,0,0,0,0,0,0,0,0,0,0,0,0,0,0,0,0,0,0,0,557,218,666,448,0,0,0,0
GHCND:USC00473268,GREEN BAY WEATHER FORECAST OFFICE WI US,20100927,295,2386,0,0,0,0,0,0,0,0,0,0,0,0,0,0,0,0,0,0,0,0,0,0,0,0,553,217,661,444,0,0,0,0
GHCND:USC00473268,GREEN BAY WEATHER FORECAST OFFICE WI US,20100928,305,2396,0,0,0,0,0,0,0,0,0,0,0,0,0,0,0,0,0,0,0,0,0,0,0,0,549,216,657,441,0,0,0,0
GHCND:USC00473268,GREEN BAY WEATHER FORECAST OFFICE WI US,20100929,315,2406,0,0,0,0,0,0,0,0,0,0,0,0,0,0,0,0,0,0,0,0,0,0,0,0,545,215,652,437,0,0,0,0
GHCND:USC00473268,GREEN BAY WEATHER FORECAST OFFICE WI US,20100930,325,2416,0,0,0,0,0,0,0,0,0,0,0,0,0,0,0,0,0,0,0,0,0,0,0,0,541,214,648,434,0,0,0,0
GHCND:USC00473268,GREEN BAY WEATHER FORECAST OFFICE WI US,20101001,8,2424,0,0,0,0,0,0,0,0,0,0,0,0,0,0,0,0,0,0,0,0,0,0,0,0,537,213,643,431,0,0,0,0
GHCND:USC00473268,GREEN BAY WEATHER FORECAST OFFICE WI US,20101002,17,2433,0,0,0,0,0,0,0,0,0,0,0,0,0,0,0,0,0,0,0,0,0,0,0,0,533,211,639,427,0,0,0,0
GHCND:USC00473268,GREEN BAY WEATHER FORECAST OFFICE WI US,20101003,26,2442,0,0,0,0,0,0,0,0,0,0,0,0,0,0,0,0,0,0,0,0,0,0,0,0,529,210,634,424,0,0,0,0
GHCND:USC00473268,GREEN BAY WEATHER FORECAST OFFICE WI US,20101004,36,2452,0,0,0,0,0,0,0,0,0,0,0,0,0,0,0,0,0,0,0,0,0,0,0,0,525,208,630,421,0,0,0,0
GHCND:USC00473268,GREEN BAY WEATHER FORECAST OFFICE WI US,20101005,45,2461,0,0,0,0,0,0,0,0,0,0,0,0,0,0,0,0,0,0,0,0,0,0,0,0,522,207,625,418,0,0,0,0
GHCND:USC00473268,GREEN BAY WEATHER FORECAST OFFICE WI US,20101006,55,2471,0,0,0,0,0,0,0,0,0,0,0,0,0,0,0,0,0,0,0,0,0,0,0,0,518,205,620,415,0,0,0,0
GHCND:USC00473268,GREEN BAY WEATHER FORECAST OFFICE WI US,20101007,64,2480,0,0,0,0,0,0,0,0,0,0,0,0,0,0,0,0,0,0,0,0,0,0,0,0,514,203,616,412,0,0,0,0
GHCND:USC00473268,GREEN BAY WEATHER FORECAST OFFICE WI US,20101008,72,2488,0,0,0,0,0,0,0,0,0,0,0,0,0,0,0,0,0,0,0,0,0,0,0,0,510,202,611,409,0,0,0,0
GHCND:USC00473268,GREEN BAY WEATHER FORECAST OFFICE WI US,20101009,82,2498,0,0,0,0,0,0,0,0,0,0,0,0,0,0,0,0,0,0,0,0,0,0,0,0,507,200,607,407,0,0,0,0
GHCND:USC00473268,GREEN BAY WEATHER FORECAST OFFICE WI US,20101010,91,2507,0,0,0,0,0,0,0,0,0,0,0,0,0,0,0,0,0,0,0,0,0,0,0,0,503,198,602,404,0,0,0,0
GHCND:USC00473268,GREEN BAY WEATHER FORECAST OFFICE WI US,20101011,100,2516,0,0,0,0,0,0,0,0,0,0,0,0,0,0,0,0,0,0,0,0,0,0,0,0,499,196,597,401,0,0,0,0
GHCND:USC00473268,GREEN BAY WEATHER FORECAST OFFICE WI US,20101012,110,2526,0,0,0,0,0,0,0,0,0,0,0,0,0,0,0,0,0,0,0,0,0,0,0,0,495,194,593,398,0,0,0,0
GHCND:USC00473268,GREEN BAY WEATHER FORECAST OFFICE WI US,20101013,119,2535,0,0,0,0,0,0,0,0,0,0,0,0,0,0,0,0,0,0,0,0,0,0,0,0,492,192,588,396,0,0,0,0
GHCND:USC00473268,GREEN BAY WEATHER FORECAST OFFICE WI US,20101014,128,2544,0,0,0,0,0,0,0,0,0,0,0,0,0,0,0,0,0,0,0,0,0,0,0,0,488,191,583,393,0,0,0,0
GHCND:USC00473268,GREEN BAY WEATHER FORECAST OFFICE WI US,20101015,138,2554,0,0,0,0,0,0,0,0,0,0,0,0,0,0,0,0,0,0,0,0,0,0,0,0,485,189,579,390,0,0,0,0
GHCND:USC00473268,GREEN BAY WEATHER FORECAST OFFICE WI US,20101016,148,2564,0,0,0,0,0,0,0,0,0,0,0,0,0,0,0,0,0,0,0,0,0,0,0,0,481,187,574,388,0,0,0,0
GHCND:USC00473268,GREEN BAY WEATHER FORECAST OFFICE WI US,20101017,157,2573,0,0,0,0,0,0,0,0,0,0,0,0,0,0,0,0,0,0,0,0,0,0,0,0,477,185,570,385,0,0,0,0
GHCND:USC00473268,GREEN BAY WEATHER FORECAST OFFICE WI US,20101018,166,2582,0,0,0,0,0,0,0,0,0,0,0,0,0,0,0,0,0,0,0,0,0,0,0,0,474,183,565,382,0,0,0,0
GHCND:USC00473268,GREEN BAY WEATHER FORECAST OFFICE WI US,20101019,174,2590,0,0,0,0,0,0,0,0,0,0,0,0,0,0,0,0,0,0,0,0,0,0,0,0,470,181,560,379,0,0,0,0
GHCND:USC00473268,GREEN BAY WEATHER FORECAST OFFICE WI US,20101020,182,2598,0,0,0,0,0,0,0,0,0,0,0,0,0,0,0,0,0,0,0,0,0,0,0,0,466,179,556,377,0,0,0,0
GHCND:USC00473268,GREEN BAY WEATHER FORECAST OFFICE WI US,20101021,190,2606,0,0,0,0,0,0,0,0,0,0,0,0,0,0,0,0,0,0,0,0,0,0,0,0,462,177,551,374,0,0,0,0
GHCND:USC00473268,GREEN BAY WEATHER FORECAST OFFICE WI US,20101022,197,2613,0,0,0,0,0,0,0,0,0,0,0,0,0,0,0,0,0,0,0,0,0,0,0,0,459,176,546,371,0,0,0,0
GHCND:USC00473268,GREEN BAY WEATHER FORECAST OFFICE WI US,20101023,205,2621,0,0,0,0,0,0,0,0,0,0,0,0,0,0,0,0,0,0,0,0,0,0,0,0,455,174,542,368,0,0,0,0
GHCND:USC00473268,GREEN BAY WEATHER FORECAST OFFICE WI US,20101024,212,2628,0,0,0,0,0,0,0,0,0,0,0,0,0,0,0,0,0,0,0,0,0,0,0,0,451,172,537,365,0,0,0,0
GHCND:USC00473268,GREEN BAY WEATHER FORECAST OFFICE WI US,20101025,220,2636,0,0,0,0,0,0,0,0,0,0,0,0,0,0,0,0,0,0,0,0,0,0,0,0,447,171,532,362,0,0,0,0
GHCND:USC00473268,GREEN BAY WEATHER FORECAST OFFICE WI US,20101026,227,2643,0,0,0,0,0,0,0,0,0,0,0,0,0,0,0,0,0,0,0,0,0,0,0,0,443,169,528,359,0,0,0,0
GHCND:USC00473268,GREEN BAY WEATHER FORECAST OFFICE WI US,20101027,235,2651,0,0,0,0,0,0,0,0,0,0,0,0,0,0,0,0,0,0,0,0,0,0,0,0,439,168,523,355,0,0,0,0
GHCND:USC00473268,GREEN BAY WEATHER FORECAST OFFICE WI US,20101028,242,2658,0,0,0,0,0,0,0,0,0,0,0,0,0,0,0,0,0,0,0,0,0,0,0,0,435,166,518,352,0,0,0,0
GHCND:USC00473268,GREEN BAY WEATHER FORECAST OFFICE WI US,20101029,250,2666,0,0,0,0,0,0,0,0,0,0,0,0,0,0,0,0,0,0,0,0,0,0,0,0,431,165,513,349,0,0,0,0
GHCND:USC00473268,GREEN BAY WEATHER FORECAST OFFICE WI US,20101030,258,2674,0,0,0,0,0,0,0,0,0,0,0,0,0,0,0,0,0,0,0,0,0,0,0,0,427,163,509,345,0,0,0,0
GHCND:USC00473268,GREEN BAY WEATHER FORECAST OFFICE WI US,20101031,265,2681,0,0,0,0,0,0,0,0,0,0,0,0,0,0,0,0,0,0,0,0,0,0,0,0,423,162,504,342,0,0,0,0
GHCND:USC00473268,GREEN BAY WEATHER FORECAST OFFICE WI US,20101101,9,2690,0,0,0,0,0,0,0,0,0,0,0,0,0,0,0,0,0,0,0,0,0,0,0,0,418,161,499,338,0,0,0,0
GHCND:USC00473268,GREEN BAY WEATHER FORECAST OFFICE WI US,20101102,17,2698,0,0,0,0,0,0,0,0,0,0,0,0,0,0,0,0,0,0,0,0,0,0,0,0,414,160,494,334,0,0,0,0
GHCND:USC00473268,GREEN BAY WEATHER FORECAST OFFICE WI US,20101103,26,2707,0,0,0,0,0,0,0,0,0,0,0,0,0,0,0,0,0,0,0,0,0,0,0,0,410,159,489,330,0,0,0,0
GHCND:USC00473268,GREEN BAY WEATHER FORECAST OFFICE WI US,20101104,34,2715,0,0,0,0,0,0,0,0,0,0,0,0,0,0,0,0,0,0,0,0,0,0,0,0,405,158,484,326,0,0,0,0
GHCND:USC00473268,GREEN BAY WEATHER FORECAST OFFICE WI US,20101105,43,2724,0,0,0,0,0,0,0,0,0,0,0,0,0,0,0,0,0,0,0,0,0,0,0,0,401,157,479,322,0,0,0,0
GHCND:USC00473268,GREEN BAY WEATHER FORECAST OFFICE WI US,20101106,51,2732,0,0,0,0,0,0,0,0,0,0,0,0,0,0,0,0,0,0,0,0,0,0,0,0,396,156,474,318,0,0,0,0
GHCND:USC00473268,GREEN BAY WEATHER FORECAST OFFICE WI US,20101107,57,2738,0,0,0,0,0,0,0,0,0,0,0,0,0,0,0,0,0,0,0,0,0,0,0,0,391,155,469,314,0,0,0,0
GHCND:USC00473268,GREEN BAY WEATHER FORECAST OFFICE WI US,20101108,63,2744,0,0,0,0,0,0,0,0,0,0,0,0,0,0,0,0,0,0,0,0,0,0,0,0,387,154,464,310,0,0,0,0
GHCND:USC00473268,GREEN BAY WEATHER FORECAST OFFICE WI US,20101109,69,2750,0,0,0,0,0,0,0,0,0,0,0,0,0,0,0,0,0,0,0,0,0,0,0,0,382,154,459,305,0,0,0,0
GHCND:USC00473268,GREEN BAY WEATHER FORECAST OFFICE WI US,20101110,74,2755,0,0,0,0,0,0,0,0,0,0,0,0,0,0,0,0,0,0,0,0,0,0,0,0,377,153,454,301,0,0,0,0
GHCND:USC00473268,GREEN BAY WEATHER FORECAST OFFICE WI US,20101111,80,2761,0,0,0,0,0,0,0,0,0,0,0,0,0,0,0,0,0,0,0,0,0,0,0,0,372,152,449,296,0,0,0,0
GHCND:USC00473268,GREEN BAY WEATHER FORECAST OFFICE WI US,20101112,86,2767,0,0,0,0,0,0,0,0,0,0,0,0,0,0,0,0,0,0,0,0,0,0,0,0,368,152,443,292,0,0,0,0
GHCND:USC00473268,GREEN BAY WEATHER FORECAST OFFICE WI US,20101113,92,2773,0,0,0,0,0,0,0,0,0,0,0,0,0,0,0,0,0,0,0,0,0,0,0,0,363,151,438,287,0,0,0,0
GHCND:USC00473268,GREEN BAY WEATHER FORECAST OFFICE WI US,20101114,98,2779,0,0,0,0,0,0,0,0,0,0,0,0,0,0,0,0,0,0,0,0,0,0,0,0,358,151,433,282,0,0,0,0
GHCND:USC00473268,GREEN BAY WEATHER FORECAST OFFICE WI US,20101115,104,2785,0,0,0,0,0,0,0,0,0,0,0,0,0,0,0,0,0,0,0,0,0,0,0,0,353,150,428,278,0,0,0,0
GHCND:USC00473268,GREEN BAY WEATHER FORECAST OFFICE WI US,20101116,111,2792,0,0,0,0,0,0,0,0,0,0,0,0,0,0,0,0,0,0,0,0,0,0,0,0,348,150,423,273,0,0,0,0
GHCND:USC00473268,GREEN BAY WEATHER FORECAST OFFICE WI US,20101117,117,2798,0,0,0,0,0,0,0,0,0,0,0,0,0,0,0,0,0,0,0,0,0,0,0,0,343,149,417,268,0,0,0,0
GHCND:USC00473268,GREEN BAY WEATHER FORECAST OFFICE WI US,20101118,124,2805,0,0,0,0,0,0,0,0,0,0,0,0,0,0,0,0,0,0,0,0,0,0,0,0,338,149,412,263,0,0,0,0
GHCND:USC00473268,GREEN BAY WEATHER FORECAST OFFICE WI US,20101119,131,2812,0,0,0,0,0,0,0,0,0,0,0,0,0,0,0,0,0,0,0,0,0,0,0,0,333,149,407,258,0,0,0,0
GHCND:USC00473268,GREEN BAY WEATHER FORECAST OFFICE WI US,20101120,138,2819,0,0,0,0,0,0,0,0,0,0,0,0,0,0,0,0,0,0,0,0,0,0,0,0,328,148,402,253,0,0,0,0
GHCND:USC00473268,GREEN BAY WEATHER FORECAST OFFICE WI US,20101121,145,2826,0,0,0,0,0,0,0,0,0,0,0,0,0,0,0,0,0,0,0,0,0,0,0,0,323,148,396,249,0,0,0,0
GHCND:USC00473268,GREEN BAY WEATHER FORECAST OFFICE WI US,20101122,151,2832,0,0,0,0,0,0,0,0,0,0,0,0,0,0,0,0,0,0,0,0,0,0,0,0,317,147,391,244,0,0,0,0
GHCND:USC00473268,GREEN BAY WEATHER FORECAST OFFICE WI US,20101123,158,2839,0,0,0,0,0,0,0,0,0,0,0,0,0,0,0,0,0,0,0,0,0,0,0,0,312,147,386,239,0,0,0,0
GHCND:USC00473268,GREEN BAY WEATHER FORECAST OFFICE WI US,20101124,165,2846,0,0,0,0,0,0,0,0,0,0,0,0,0,0,0,0,0,0,0,0,0,0,0,0,307,147,381,234,0,0,0,0
GHCND:USC00473268,GREEN BAY WEATHER FORECAST OFFICE WI US,20101125,173,2854,0,0,0,0,0,0,0,0,0,0,0,0,0,0,0,0,0,0,0,0,0,0,0,0,303,146,376,229,0,0,0,0
GHCND:USC00473268,GREEN BAY WEATHER FORECAST OFFICE WI US,20101126,181,2862,0,0,0,0,0,0,0,0,0,0,0,0,0,0,0,0,0,0,0,0,0,0,0,0,298,146,371,225,0,0,0,0
GHCND:USC00473268,GREEN BAY WEATHER FORECAST OFFICE WI US,20101127,190,2871,0,0,0,0,0,0,0,0,0,0,0,0,0,0,0,0,0,0,0,0,0,0,0,0,293,146,366,220,0,0,0,0
GHCND:USC00473268,GREEN BAY WEATHER FORECAST OFFICE WI US,20101128,198,2879,0,0,0,0,0,0,0,0,0,0,0,0,0,0,0,0,0,0,0,0,0,0,0,0,288,145,361,215,0,0,0,0
GHCND:USC00473268,GREEN BAY WEATHER FORECAST OFFICE WI US,20101129,207,2888,0,0,0,0,0,0,0,0,0,0,0,0,0,0,0,0,0,0,0,0,0,0,0,0,283,145,356,211,0,0,0,0
GHCND:USC00473268,GREEN BAY WEATHER FORECAST OFFICE WI US,20101130,215,2896,0,0,0,0,0,0,0,0,0,0,0,0,0,0,0,0,0,0,0,0,0,0,0,0,278,145,351,206,0,0,0,0
GHCND:USC00473268,GREEN BAY WEATHER FORECAST OFFICE WI US,20101201,4,2900,0,0,0,0,0,0,0,0,0,0,0,0,0,0,0,0,0,0,0,0,0,0,0,0,274,144,346,202,0,0,0,0
GHCND:USC00473268,GREEN BAY WEATHER FORECAST OFFICE WI US,20101202,9,2905,0,0,0,0,0,0,0,0,0,0,0,0,0,0,0,0,0,0,0,0,0,0,0,0,269,144,341,197,0,0,0,0
GHCND:USC00473268,GREEN BAY WEATHER FORECAST OFFICE WI US,20101203,13,2909,0,0,0,0,0,0,0,0,0,0,0,0,0,0,0,0,0,0,0,0,0,0,0,0,265,144,337,193,0,0,0,0
GHCND:USC00473268,GREEN BAY WEATHER FORECAST OFFICE WI US,20101204,17,2913,0,0,0,0,0,0,0,0,0,0,0,0,0,0,0,0,0,0,0,0,0,0,0,0,260,144,332,188,0,0,0,0
GHCND:USC00473268,GREEN BAY WEATHER FORECAST OFFICE WI US,20101205,22,2918,0,0,0,0,0,0,0,0,0,0,0,0,0,0,0,0,0,0,0,0,0,0,0,0,256,143,328,184,0,0,0,0
GHCND:USC00473268,GREEN BAY WEATHER FORECAST OFFICE WI US,20101206,26,2922,0,0,0,0,0,0,0,0,0,0,0,0,0,0,0,0,0,0,0,0,0,0,0,0,252,143,323,180,0,0,0,0
GHCND:USC00473268,GREEN BAY WEATHER FORECAST OFFICE WI US,20101207,31,2927,0,0,0,0,0,0,0,0,0,0,0,0,0,0,0,0,0,0,0,0,0,0,0,0,248,143,319,176,0,0,0,0
GHCND:USC00473268,GREEN BAY WEATHER FORECAST OFFICE WI US,20101208,36,2932,0,0,0,0,0,0,0,0,0,0,0,0,0,0,0,0,0,0,0,0,0,0,0,0,243,143,315,172,0,0,0,0
GHCND:USC00473268,GREEN BAY WEATHER FORECAST OFFICE WI US,20101209,41,2937,0,0,0,0,0,0,0,0,0,0,0,0,0,0,0,0,0,0,0,0,0,0,0,0,239,143,311,168,0,0,0,0
GHCND:USC00473268,GREEN BAY WEATHER FORECAST OFFICE WI US,20101210,46,2942,0,0,0,0,0,0,0,0,0,0,0,0,0,0,0,0,0,0,0,0,0,0,0,0,236,143,307,164,0,0,0,0
GHCND:USC00473268,GREEN BAY WEATHER FORECAST OFFICE WI US,20101211,52,2948,0,0,0,0,0,0,0,0,0,0,0,0,0,0,0,0,0,0,0,0,0,0,0,0,232,143,303,160,0,0,0,0
GHCND:USC00473268,GREEN BAY WEATHER FORECAST OFFICE WI US,20101212,57,2953,0,0,0,0,0,0,0,0,0,0,0,0,0,0,0,0,0,0,0,0,0,0,0,0,228,143,299,157,0,0,0,0
GHCND:USC00473268,GREEN BAY WEATHER FORECAST OFFICE WI US,20101213,62,2958,0,0,0,0,0,0,0,0,0,0,0,0,0,0,0,0,0,0,0,0,0,0,0,0,225,143,296,153,0,0,0,0
GHCND:USC00473268,GREEN BAY WEATHER FORECAST OFFICE WI US,20101214,67,2963,0,0,0,0,0,0,0,0,0,0,0,0,0,0,0,0,0,0,0,0,0,0,0,0,221,143,292,150,0,0,0,0
GHCND:USC00473268,GREEN BAY WEATHER FORECAST OFFICE WI US,20101215,72,2968,0,0,0,0,0,0,0,0,0,0,0,0,0,0,0,0,0,0,0,0,0,0,0,0,218,143,289,146,0,0,0,0
GHCND:USC00473268,GREEN BAY WEATHER FORECAST OFFICE WI US,20101216,77,2973,0,0,0,0,0,0,0,0,0,0,0,0,0,0,0,0,0,0,0,0,0,0,0,0,214,143,286,143,0,0,0,0
GHCND:USC00473268,GREEN BAY WEATHER FORECAST OFFICE WI US,20101217,82,2978,0,0,0,0,0,0,0,0,0,0,0,0,0,0,0,0,0,0,0,0,0,0,0,0,211,143,283,140,0,0,0,0
GHCND:USC00473268,GREEN BAY WEATHER FORECAST OFFICE WI US,20101218,87,2983,0,0,0,0,0,0,0,0,0,0,0,0,0,0,0,0,0,0,0,0,0,0,0,0,208,144,280,136,0,0,0,0
GHCND:USC00473268,GREEN BAY WEATHER FORECAST OFFICE WI US,20101219,92,2988,0,0,0,0,0,0,0,0,0,0,0,0,0,0,0,0,0,0,0,0,0,0,0,0,205,144,277,133,0,0,0,0
GHCND:USC00473268,GREEN BAY WEATHER FORECAST OFFICE WI US,20101220,98,2994,0,0,0,0,0,0,0,0,0,0,0,0,0,0,0,0,0,0,0,0,0,0,0,0,202,144,275,130,0,0,0,0
GHCND:USC00473268,GREEN BAY WEATHER FORECAST OFFICE WI US,20101221,103,2999,0,0,0,0,0,0,0,0,0,0,0,0,0,0,0,0,0,0,0,0,0,0,0,0,200,145,272,127,0,0,0,0
GHCND:USC00473268,GREEN BAY WEATHER FORECAST OFFICE WI US,20101222,108,3004,0,0,0,0,0,0,0,0,0,0,0,0,0,0,0,0,0,0,0,0,0,0,0,0,197,145,270,124,0,0,0,0
GHCND:USC00473268,GREEN BAY WEATHER FORECAST OFFICE WI US,20101223,114,3010,0,0,0,0,0,0,0,0,0,0,0,0,0,0,0,0,0,0,0,0,0,0,0,0,194,146,267,122,0,0,0,0
GHCND:USC00473268,GREEN BAY WEATHER FORECAST OFFICE WI US,20101224,119,3015,0,0,0,0,0,0,0,0,0,0,0,0,0,0,0,0,0,0,0,0,0,0,0,0,192,146,265,119,0,0,0,0
GHCND:USC00473268,GREEN BAY WEATHER FORECAST OFFICE WI US,20101225,124,3020,0,0,0,0,0,0,0,0,0,0,0,0,0,0,0,0,0,0,0,0,0,0,0,0,190,147,263,116,0,0,0,0
GHCND:USC00473268,GREEN BAY WEATHER FORECAST OFFICE WI US,20101226,129,3025,0,0,0,0,0,0,0,0,0,0,0,0,0,0,0,0,0,0,0,0,0,0,0,0,187,148,261,114,0,0,0,0
GHCND:USC00473268,GREEN BAY WEATHER FORECAST OFFICE WI US,20101227,134,3030,0,0,0,0,0,0,0,0,0,0,0,0,0,0,0,0,0,0,0,0,0,0,0,0,185,149,260,111,0,0,0,0
GHCND:USC00473268,GREEN BAY WEATHER FORECAST OFFICE WI US,20101228,138,3034,0,0,0,0,0,0,0,0,0,0,0,0,0,0,0,0,0,0,0,0,0,0,0,0,183,149,258,109,0,0,0,0
GHCND:USC00473268,GREEN BAY WEATHER FORECAST OFFICE WI US,20101229,143,3039,0,0,0,0,0,0,0,0,0,0,0,0,0,0,0,0,0,0,0,0,0,0,0,0,181,150,257,106,0,0,0,0
GHCND:USC00473268,GREEN BAY WEATHER FORECAST OFFICE WI US,20101230,148,3044,0,0,0,0,0,0,0,0,0,0,0,0,0,0,0,0,0,0,0,0,0,0,0,0,180,151,255,104,0,0,0,0
GHCND:USC00473268,GREEN BAY WEATHER FORECAST OFFICE WI US,20101231,153,3049,0,0,0,0,0,0,0,0,0,0,0,0,0,0,0,0,0,0,0,0,0,0,0,0,178,152,254,102,0,0,0,0
